shift_id,store_id,employee_id,date,hours_worked,role
SH001167,S03,S03-E09,2025-05-27,8.5,cashier
SH000442,S02,S02-E02,2025-04-27,8.0,manager
SH000171,S01,S01-E05,2025-04-19,6.0,cashier
SH001288,S04,S04-E03,2025-04-07,7.4,manager
SH001327,S04,S04-E04,2025-04-12,6.7,stock
SH000365,S01,S01-E10,2025-04-29,8.1,stock
SH001341,S04,S04-E04,2025-05-01,7.8,stock
SH001583,S05,S05-E01,2025-05-07,8.6,cashier
SH001658,S05,S05-E03,2025-05-05,6.0,cashier
SH000130,S01,S01-E04,2025-04-19,6.4,stock
SH001249,S04,S04-E01,2025-06-01,6.0,cashier
SH000979,S03,S03-E05,2025-04-21,7.9,stock
SH000023,S01,S01-E01,2025-05-07,8.5,stock
SH001557,S04,S04-E10,2025-05-27,7.7,stock
SH000084,S01,S01-E03,2025-04-09,7.6,stock
SH000367,S01,S01-E10,2025-05-01,6.1,stock
SH001346,S04,S04-E04,2025-05-10,7.5,stock
SH000006,S01,S01-E01,2025-04-18,7.6,stock
SH000951,S03,S03-E04,2025-05-06,7.9,manager
SH000108,S01,S01-E03,2025-05-16,7.3,stock
SH001095,S03,S03-E07,2025-05-29,7.3,cashier
SH001590,S05,S05-E01,2025-05-15,6.3,cashier
SH000511,S02,S02-E03,2025-05-25,6.6,cashier
SH001916,S05,S05-E10,2025-04-11,8.1,stock
SH000930,S03,S03-E04,2025-04-12,8.9,manager
SH000641,S02,S02-E07,2025-04-16,8.7,cashier
SH001276,S04,S04-E02,2025-05-20,8.7,manager
SH000406,S02,S02-E01,2025-05-03,6.7,manager
SH000296,S01,S01-E08,2025-04-25,5.6,manager
SH000802,S03,S03-E01,2025-04-18,9.3,manager
SH001863,S05,S05-E08,2025-05-09,6.8,stock
SH000320,S01,S01-E08,2025-05-31,7.0,manager
SH000178,S01,S01-E05,2025-04-28,6.3,cashier
SH000053,S01,S01-E02,2025-04-20,5.7,cashier
SH000036,S01,S01-E01,2025-05-26,8.6,stock
SH001792,S05,S05-E06,2025-05-24,6.8,manager
SH000086,S01,S01-E03,2025-04-13,6.4,stock
SH001142,S03,S03-E09,2025-04-18,7.8,cashier
SH001325,S04,S04-E04,2025-04-08,7.2,stock
SH001706,S05,S05-E04,2025-05-17,7.4,cashier
SH000276,S01,S01-E07,2025-05-24,7.8,stock
SH000085,S01,S01-E03,2025-04-12,7.9,stock
SH001343,S04,S04-E04,2025-05-06,5.4,stock
SH000894,S03,S03-E03,2025-04-25,6.5,stock
SH001037,S03,S03-E06,2025-05-13,7.3,stock
SH000317,S01,S01-E08,2025-05-26,6.9,manager
SH000619,S02,S02-E06,2025-05-14,7.0,stock
SH000025,S01,S01-E01,2025-05-09,5.8,stock
SH001973,S09,S09-E01,2025-05-23,7.6,cashier
SH000026,S01,S01-E01,2025-05-13,7.7,stock
SH000558,S02,S02-E05,2025-04-14,7.5,cashier
SH000161,S01,S01-E05,2025-04-07,7.7,cashier
SH001010,S03,S03-E05,2025-06-01,6.4,stock
SH001945,S05,S05-E10,2025-05-15,6.4,stock
SH001439,S04,S04-E07,2025-05-04,7.8,stock
SH000524,S02,S02-E04,2025-04-18,6.7,cashier
SH000443,S02,S02-E02,2025-04-28,4.1,manager
SH001405,S04,S04-E06,2025-05-02,6.5,stock
SH001317,S04,S04-E03,2025-05-24,8.5,manager
SH001846,S05,S05-E08,2025-04-15,6.2,stock
SH001301,S04,S04-E03,2025-04-24,6.8,manager
SH000136,S01,S01-E04,2025-04-27,6.4,stock
SH001835,S05,S05-E07,2025-05-28,5.0,stock
SH000518,S02,S02-E04,2025-04-09,5.5,cashier
SH001749,S05,S05-E05,2025-05-19,7.3,cashier
SH001707,S05,S05-E04,2025-05-18,7.1,cashier
SH001594,S05,S05-E01,2025-05-20,6.2,cashier
SH000249,S01,S01-E07,2025-04-12,6.4,stock
SH000293,S01,S01-E08,2025-04-22,6.9,manager
SH000143,S01,S01-E04,2025-05-11,6.5,stock
SH001303,S04,S04-E03,2025-04-26,8.7,manager
SH001316,S04,S04-E03,2025-05-23,5.3,manager
SH000321,S01,S01-E09,2025-04-10,5.7,manager
SH001859,S05,S05-E08,2025-05-04,8.0,stock
SH000633,S02,S02-E06,2025-05-31,7.5,stock
SH001852,S05,S05-E08,2025-04-24,7.2,stock
SH000485,S02,S02-E03,2025-04-28,7.4,cashier
SH001091,S03,S03-E07,2025-05-23,8.7,cashier
SH000965,S03,S03-E04,2025-05-25,5.7,manager
SH000918,S03,S03-E03,2025-05-23,6.4,stock
SH000977,S03,S03-E05,2025-04-19,9.7,stock
SH001442,S04,S04-E07,2025-05-10,6.4,stock
SH000909,S03,S03-E03,2025-05-11,7.0,stock
SH000713,S02,S02-E08,2025-05-26,7.5,stock
SH001090,S03,S03-E07,2025-05-22,5.7,cashier
SH001708,S05,S05-E04,2025-05-20,7.5,cashier
SH001274,S04,S04-E02,2025-05-11,7.2,manager
SH001289,S04,S04-E03,2025-04-08,6.9,manager
SH001179,S03,S03-E10,2025-04-21,6.3,cashier
SH001922,S05,S05-E10,2025-04-18,9.5,stock
SH000955,S03,S03-E04,2025-05-13,5.7,manager
SH000168,S01,S01-E05,2025-04-16,7.6,cashier
SH001486,S04,S04-E08,2025-05-30,6.1,stock
SH000739,S02,S02-E09,2025-05-03,8.1,cashier
SH000751,S02,S02-E09,2025-05-22,7.7,cashier
SH001123,S03,S03-E08,2025-05-13,7.0,cashier
SH000330,S01,S01-E09,2025-04-21,7.7,manager
SH001308,S04,S04-E03,2025-05-04,8.2,manager
SH001893,S05,S05-E09,2025-04-29,7.5,cashier
SH001772,S05,S05-E06,2025-04-28,6.6,manager
SH001122,S03,S03-E08,2025-05-12,6.0,cashier
SH000208,S01,S01-E06,2025-04-12,7.0,stock
SH000228,S01,S01-E06,2025-05-10,7.0,stock
SH000519,S02,S02-E04,2025-04-10,7.0,cashier
SH000427,S02,S02-E01,2025-05-29,6.6,manager
SH000004,S01,S01-E01,2025-04-16,7.6,stock
SH000104,S01,S01-E03,2025-05-11,3.7,stock
SH001387,S04,S04-E05,2025-05-29,5.7,stock
SH000646,S02,S02-E07,2025-04-23,5.9,cashier
SH001677,S05,S05-E04,2025-04-11,7.1,cashier
SH001498,S04,S04-E09,2025-04-20,5.5,cashier
SH000836,S03,S03-E01,2025-06-01,7.2,manager
SH000447,S02,S02-E02,2025-05-02,7.8,manager
SH001029,S03,S03-E06,2025-05-01,8.0,stock
SH001017,S03,S03-E06,2025-04-15,7.4,stock
SH001415,S04,S04-E06,2025-05-26,5.4,stock
SH001217,S04,S04-E01,2025-04-15,8.1,cashier
SH000914,S03,S03-E03,2025-05-19,8.4,stock
SH000692,S02,S02-E08,2025-04-28,8.4,stock
SH000953,S03,S03-E04,2025-05-08,8.0,manager
SH000031,S01,S01-E01,2025-05-18,5.9,stock
SH000331,S01,S01-E09,2025-04-22,6.1,manager
SH001077,S03,S03-E07,2025-05-08,6.7,cashier
SH001784,S05,S05-E06,2025-05-13,6.8,manager
SH001941,S05,S05-E10,2025-05-09,6.7,stock
SH001956,S05,S05-E10,2025-05-31,7.4,stock
SH001528,S04,S04-E10,2025-04-15,7.7,stock
SH000291,S01,S01-E08,2025-04-19,8.0,manager
SH001637,S05,S05-E02,2025-05-31,5.9,manager
SH000826,S03,S03-E01,2025-05-16,6.7,manager
SH001624,S05,S05-E02,2025-05-09,6.9,manager
SH001457,S04,S04-E08,2025-04-09,9.3,stock
SH001025,S03,S03-E06,2025-04-27,5.0,stock
SH000195,S01,S01-E05,2025-05-22,7.2,cashier
SH000068,S01,S01-E02,2025-05-12,7.0,cashier
SH000929,S03,S03-E04,2025-04-09,5.4,manager
SH000961,S03,S03-E04,2025-05-20,6.4,manager
SH001608,S05,S05-E02,2025-04-15,8.8,manager
SH000520,S02,S02-E04,2025-04-11,7.3,cashier
SH001518,S04,S04-E09,2025-05-25,6.4,cashier
SH001569,S05,S05-E01,2025-04-14,7.1,cashier
SH000625,S02,S02-E06,2025-05-21,8.0,stock
SH000241,S01,S01-E06,2025-05-30,7.0,stock
SH001927,S05,S05-E10,2025-04-24,8.4,stock
SH001545,S04,S04-E10,2025-05-06,7.6,stock
SH000846,S03,S03-E02,2025-04-17,6.9,stock
SH001929,S05,S05-E10,2025-04-26,7.4,stock
SH000201,S01,S01-E05,2025-05-30,7.3,cashier
SH001467,S04,S04-E08,2025-04-28,5.8,stock
SH000820,S03,S03-E01,2025-05-10,9.0,manager
SH000382,S01,S01-E10,2025-05-24,8.7,stock
SH000232,S01,S01-E06,2025-05-16,8.3,stock
SH001247,S04,S04-E01,2025-05-29,7.7,cashier
SH000878,S03,S03-E02,2025-05-30,7.6,stock
SH001201,S03,S03-E10,2025-05-16,7.3,cashier
SH000218,S01,S01-E06,2025-04-28,8.2,stock
SH000196,S01,S01-E05,2025-05-24,6.7,cashier
SH001625,S05,S05-E02,2025-05-10,8.7,manager
SH000116,S01,S01-E03,2025-05-28,6.5,stock
SH001571,S05,S05-E01,2025-04-17,7.9,cashier
SH001310,S04,S04-E03,2025-05-08,5.3,manager
SH001751,S05,S05-E05,2025-05-21,6.6,cashier
SH001418,S04,S04-E06,2025-05-30,5.8,stock
SH001586,S05,S05-E01,2025-05-10,5.0,cashier
SH000229,S01,S01-E06,2025-05-11,6.6,stock
SH001382,S04,S04-E05,2025-05-21,4.7,stock
SH000118,S01,S01-E03,2025-05-30,8.1,stock
SH000046,S01,S01-E02,2025-04-11,6.1,cashier
SH001638,S05,S05-E02,2025-06-01,6.3,manager
SH001841,S05,S05-E08,2025-04-08,7.8,stock
SH001739,S05,S05-E05,2025-05-04,6.6,cashier
SH000946,S03,S03-E04,2025-04-30,9.6,manager
SH000710,S02,S02-E08,2025-05-23,8.0,stock
SH000621,S02,S02-E06,2025-05-17,6.2,stock
SH001227,S04,S04-E01,2025-04-27,7.6,cashier
SH001176,S03,S03-E10,2025-04-13,5.7,cashier
SH001460,S04,S04-E08,2025-04-14,6.5,stock
SH001904,S05,S05-E09,2025-05-12,8.2,cashier
SH000577,S02,S02-E05,2025-05-11,6.7,cashier
SH001158,S03,S03-E09,2025-05-15,7.1,cashier
SH001610,S05,S05-E02,2025-04-17,6.1,manager
SH001084,S03,S03-E07,2025-05-15,7.3,cashier
SH001109,S03,S03-E08,2025-04-22,7.0,cashier
SH000831,S03,S03-E01,2025-05-25,7.7,manager
SH000305,S01,S01-E08,2025-05-06,7.2,manager
SH000686,S02,S02-E08,2025-04-16,5.4,stock
SH000829,S03,S03-E01,2025-05-22,6.5,manager
SH000526,S02,S02-E04,2025-04-20,8.9,cashier
SH001698,S05,S05-E04,2025-05-03,7.2,cashier
SH001243,S04,S04-E01,2025-05-25,7.3,cashier
SH001543,S04,S04-E10,2025-05-04,5.6,stock
SH001098,S03,S03-E08,2025-04-07,6.8,cashier
SH000347,S01,S01-E09,2025-05-16,8.4,manager
SH000683,S02,S02-E08,2025-04-13,6.2,stock
SH000810,S03,S03-E01,2025-04-27,7.2,manager
SH001043,S03,S03-E06,2025-05-20,6.3,stock
SH001534,S04,S04-E10,2025-04-22,7.4,stock
SH000020,S01,S01-E01,2025-05-04,7.7,stock
SH001285,S04,S04-E02,2025-05-30,6.7,manager
SH001354,S04,S04-E04,2025-05-29,5.2,stock
SH000027,S01,S01-E01,2025-05-14,6.4,stock
SH000363,S01,S01-E10,2025-04-26,7.6,stock
SH001379,S04,S04-E05,2025-05-09,6.4,stock
SH001819,S05,S05-E07,2025-05-04,6.3,stock
SH001546,S04,S04-E10,2025-05-07,7.6,stock
SH000113,S01,S01-E03,2025-05-23,6.2,stock
SH000696,S02,S02-E08,2025-05-07,6.2,stock
SH001213,S04,S04-E01,2025-04-09,7.5,cashier
SH000405,S02,S02-E01,2025-05-02,6.4,manager
SH001616,S05,S05-E02,2025-04-28,8.0,manager
SH000963,S03,S03-E04,2025-05-23,8.3,manager
SH001332,S04,S04-E04,2025-04-20,5.5,stock
SH000414,S02,S02-E01,2025-05-12,7.9,manager
SH001697,S05,S05-E04,2025-05-02,8.3,cashier
SH000211,S01,S01-E06,2025-04-18,6.0,stock
SH001186,S03,S03-E10,2025-04-29,6.3,cashier
SH001069,S03,S03-E07,2025-04-28,7.3,cashier
SH001376,S04,S04-E05,2025-05-05,5.6,stock
SH001400,S04,S04-E06,2025-04-23,5.7,stock
SH001722,S05,S05-E05,2025-04-10,6.7,cashier
SH001755,S05,S05-E05,2025-05-26,7.5,cashier
SH001136,S03,S03-E09,2025-04-07,7.7,cashier
SH000732,S02,S02-E09,2025-04-25,5.9,cashier
SH000948,S03,S03-E04,2025-05-03,7.8,manager
SH000982,S03,S03-E05,2025-04-26,6.6,stock
SH001661,S05,S05-E03,2025-05-08,5.6,cashier
SH000294,S01,S01-E08,2025-04-23,4.9,manager
SH000721,S02,S02-E09,2025-04-08,7.5,cashier
SH001662,S05,S05-E03,2025-05-09,6.2,cashier
SH000620,S02,S02-E06,2025-05-15,6.3,stock
SH001919,S05,S05-E10,2025-04-15,5.2,stock
SH001613,S05,S05-E02,2025-04-24,8.6,manager
SH001780,S05,S05-E06,2025-05-07,7.1,manager
SH000590,S02,S02-E05,2025-05-28,6.3,cashier
SH001372,S04,S04-E05,2025-04-30,6.3,stock
SH001286,S04,S04-E02,2025-05-31,6.7,manager
SH001459,S04,S04-E08,2025-04-12,4.4,stock
SH001237,S04,S04-E01,2025-05-11,4.8,cashier
SH001734,S05,S05-E05,2025-04-23,7.1,cashier
SH000813,S03,S03-E01,2025-05-01,7.1,manager
SH001218,S04,S04-E01,2025-04-16,4.4,cashier
SH000671,S02,S02-E07,2025-05-26,7.9,cashier
SH000661,S02,S02-E07,2025-05-15,5.8,cashier
SH001573,S05,S05-E01,2025-04-20,7.5,cashier
SH000034,S01,S01-E01,2025-05-21,6.5,stock
SH000752,S02,S02-E09,2025-05-23,8.6,cashier
SH000216,S01,S01-E06,2025-04-24,8.1,stock
SH001764,S05,S05-E06,2025-04-17,6.2,manager
SH000998,S03,S03-E05,2025-05-13,8.3,stock
SH000364,S01,S01-E10,2025-04-27,6.1,stock
SH000268,S01,S01-E07,2025-05-12,7.7,stock
SH000469,S02,S02-E02,2025-05-30,7.3,manager
SH001699,S05,S05-E04,2025-05-04,6.3,cashier
SH000839,S03,S03-E02,2025-04-09,7.0,stock
SH000502,S02,S02-E03,2025-05-15,8.2,cashier
SH000145,S01,S01-E04,2025-05-13,8.5,stock
SH000292,S01,S01-E08,2025-04-21,7.1,manager
SH000817,S03,S03-E01,2025-05-05,6.0,manager
SH001055,S03,S03-E07,2025-04-12,6.7,cashier
SH000958,S03,S03-E04,2025-05-16,5.8,manager
SH001366,S04,S04-E05,2025-04-20,6.6,stock
SH000202,S01,S01-E05,2025-05-31,6.2,cashier
SH001718,S05,S05-E04,2025-05-31,7.3,cashier
SH001192,S03,S03-E10,2025-05-05,6.7,cashier
SH001746,S05,S05-E05,2025-05-15,7.5,cashier
SH000471,S02,S02-E03,2025-04-08,7.2,cashier
SH001879,S05,S05-E09,2025-04-08,6.8,cashier
SH001860,S05,S05-E08,2025-05-05,7.5,stock
SH001138,S03,S03-E09,2025-04-11,5.9,cashier
SH000939,S03,S03-E04,2025-04-21,7.8,manager
SH001058,S03,S03-E07,2025-04-16,6.4,cashier
SH000030,S01,S01-E01,2025-05-17,6.9,stock
SH000681,S02,S02-E08,2025-04-11,6.3,stock
SH001427,S04,S04-E07,2025-04-17,7.4,stock
SH001926,S05,S05-E10,2025-04-23,7.6,stock
SH001464,S04,S04-E08,2025-04-25,7.1,stock
SH000285,S01,S01-E08,2025-04-10,7.9,manager
SH000083,S01,S01-E03,2025-04-07,8.6,stock
SH001574,S05,S05-E01,2025-04-23,6.7,cashier
SH000769,S02,S02-E10,2025-04-23,7.8,stock
SH000566,S02,S02-E05,2025-04-25,8.9,cashier
SH000989,S03,S03-E05,2025-05-04,6.8,stock
SH000920,S03,S03-E03,2025-05-25,7.5,stock
SH001966,S09,S09-E01,2025-05-14,6.3,cashier
SH001539,S04,S04-E10,2025-04-29,6.2,stock
SH000765,S02,S02-E10,2025-04-16,7.2,stock
SH000016,S01,S01-E01,2025-04-29,7.2,stock
SH001951,S05,S05-E10,2025-05-25,8.5,stock
SH000474,S02,S02-E03,2025-04-13,7.8,cashier
SH001100,S03,S03-E08,2025-04-09,4.9,cashier
SH000017,S01,S01-E01,2025-04-30,8.2,stock
SH001913,S05,S05-E09,2025-05-27,6.2,cashier
SH000691,S02,S02-E08,2025-04-25,5.0,stock
SH000215,S01,S01-E06,2025-04-23,6.2,stock
SH000186,S01,S01-E05,2025-05-06,6.1,cashier
SH000804,S03,S03-E01,2025-04-20,7.8,manager
SH000926,S03,S03-E03,2025-06-01,7.4,stock
SH001901,S05,S05-E09,2025-05-09,7.6,cashier
SH001357,S04,S04-E05,2025-04-07,8.3,stock
SH000649,S02,S02-E07,2025-04-28,4.7,cashier
SH001733,S05,S05-E05,2025-04-22,6.2,cashier
SH000579,S02,S02-E05,2025-05-13,5.1,cashier
SH000322,S01,S01-E09,2025-04-11,6.6,manager
SH001404,S04,S04-E06,2025-04-29,7.4,stock
SH001552,S04,S04-E10,2025-05-21,6.9,stock
SH001836,S05,S05-E07,2025-05-29,7.5,stock
SH000513,S02,S02-E03,2025-05-27,5.2,cashier
SH001072,S03,S03-E07,2025-05-03,5.5,cashier
SH001194,S03,S03-E10,2025-05-08,7.4,cashier
SH001272,S04,S04-E02,2025-05-06,9.0,manager
SH000287,S01,S01-E08,2025-04-12,5.5,manager
SH000648,S02,S02-E07,2025-04-26,6.8,cashier
SH000596,S02,S02-E06,2025-04-09,7.4,stock
SH001231,S04,S04-E01,2025-05-02,7.2,cashier
SH001297,S04,S04-E03,2025-04-19,9.6,manager
SH000419,S02,S02-E01,2025-05-18,5.7,manager
SH000859,S03,S03-E02,2025-05-06,7.4,stock
SH000547,S02,S02-E04,2025-05-22,6.9,cashier
SH001897,S05,S05-E09,2025-05-04,8.3,cashier
SH001678,S05,S05-E04,2025-04-12,5.3,cashier
SH001588,S05,S05-E01,2025-05-13,5.9,cashier
SH001391,S04,S04-E06,2025-04-10,5.8,stock
SH000225,S01,S01-E06,2025-05-07,5.2,stock
SH001911,S05,S05-E09,2025-05-25,5.9,cashier
SH000450,S02,S02-E02,2025-05-06,7.5,manager
SH000865,S03,S03-E02,2025-05-15,6.1,stock
SH001451,S04,S04-E07,2025-05-27,7.0,stock
SH000453,S02,S02-E02,2025-05-10,7.4,manager
SH001469,S04,S04-E08,2025-04-30,8.4,stock
SH001018,S03,S03-E06,2025-04-18,6.3,stock
SH000111,S01,S01-E03,2025-05-21,4.9,stock
SH000582,S02,S02-E05,2025-05-17,6.1,cashier
SH000662,S02,S02-E07,2025-05-16,6.5,cashier
SH001229,S04,S04-E01,2025-04-29,7.9,cashier
SH000884,S03,S03-E03,2025-04-11,8.1,stock
SH000045,S01,S01-E02,2025-04-10,6.3,cashier
SH000672,S02,S02-E07,2025-05-27,7.9,cashier
SH000243,S01,S01-E06,2025-06-01,4.3,stock
SH000552,S02,S02-E04,2025-05-30,6.0,cashier
SH001462,S04,S04-E08,2025-04-17,8.1,stock
SH001208,S03,S03-E10,2025-05-28,6.4,cashier
SH000071,S01,S01-E02,2025-05-16,7.2,cashier
SH000614,S02,S02-E06,2025-05-08,6.0,stock
SH000797,S03,S03-E01,2025-04-12,6.9,manager
SH000024,S01,S01-E01,2025-05-08,5.9,stock
SH000976,S03,S03-E05,2025-04-18,5.6,stock
SH000033,S01,S01-E01,2025-05-20,7.8,stock
SH001740,S05,S05-E05,2025-05-05,6.6,cashier
SH000708,S02,S02-E08,2025-05-21,7.4,stock
SH000723,S02,S02-E09,2025-04-11,7.2,cashier
SH001424,S04,S04-E07,2025-04-12,6.2,stock
SH001843,S05,S05-E08,2025-04-12,5.3,stock
SH001282,S04,S04-E02,2025-05-26,6.3,manager
SH000847,S03,S03-E02,2025-04-20,4.7,stock
SH001233,S04,S04-E01,2025-05-04,7.2,cashier
SH000947,S03,S03-E04,2025-05-02,7.7,manager
SH001076,S03,S03-E07,2025-05-07,6.1,cashier
SH001492,S04,S04-E09,2025-04-12,7.2,cashier
SH000762,S02,S02-E10,2025-04-11,8.5,stock
SH000449,S02,S02-E02,2025-05-05,7.1,manager
SH000307,S01,S01-E08,2025-05-08,7.7,manager
SH000756,S02,S02-E09,2025-05-27,7.7,cashier
SH000604,S02,S02-E06,2025-04-21,7.8,stock
SH001760,S05,S05-E05,2025-06-01,6.0,cashier
SH000960,S03,S03-E04,2025-05-19,8.3,manager
SH001948,S05,S05-E10,2025-05-22,6.0,stock
SH000734,S02,S02-E09,2025-04-27,7.0,cashier
SH001696,S05,S05-E04,2025-05-01,6.0,cashier
SH000935,S03,S03-E04,2025-04-17,6.2,manager
SH000616,S02,S02-E06,2025-05-10,6.6,stock
SH001618,S05,S05-E02,2025-04-30,7.5,manager
SH000290,S01,S01-E08,2025-04-18,7.0,manager
SH000722,S02,S02-E09,2025-04-10,7.9,cashier
SH001814,S05,S05-E07,2025-04-27,7.1,stock
SH001148,S03,S03-E09,2025-04-26,8.3,cashier
SH000703,S02,S02-E08,2025-05-16,9.2,stock
SH000441,S02,S02-E02,2025-04-26,5.6,manager
SH000888,S03,S03-E03,2025-04-18,7.2,stock
SH000668,S02,S02-E07,2025-05-23,7.0,cashier
SH001239,S04,S04-E01,2025-05-20,7.9,cashier
SH000694,S02,S02-E08,2025-05-03,7.8,stock
SH000782,S02,S02-E10,2025-05-15,6.4,stock
SH001443,S04,S04-E07,2025-05-11,8.1,stock
SH000153,S01,S01-E04,2025-05-23,6.6,stock
SH000352,S01,S01-E09,2025-05-27,6.9,manager
SH000267,S01,S01-E07,2025-05-11,6.8,stock
SH000481,S02,S02-E03,2025-04-22,6.3,cashier
SH000717,S02,S02-E08,2025-05-30,5.9,stock
SH001110,S03,S03-E08,2025-04-23,6.8,cashier
SH000164,S01,S01-E05,2025-04-11,7.1,cashier
SH001856,S05,S05-E08,2025-05-01,7.0,stock
SH001959,S03,S03-TEMP02,2025-05-10,6.3,temp
SH001011,S03,S03-E06,2025-04-07,5.9,stock
SH001636,S05,S05-E02,2025-05-30,7.5,manager
SH000911,S03,S03-E03,2025-05-13,8.7,stock
SH000644,S02,S02-E07,2025-04-20,6.4,cashier
SH000389,S02,S02-E01,2025-04-10,8.9,manager
SH001291,S04,S04-E03,2025-04-11,6.1,manager
SH001634,S05,S05-E02,2025-05-28,6.4,manager
SH000768,S02,S02-E10,2025-04-22,6.7,stock
SH000834,S03,S03-E01,2025-05-29,7.4,manager
SH000394,S02,S02-E01,2025-04-15,7.8,manager
SH001824,S05,S05-E07,2025-05-12,7.4,stock
SH001970,S09,S09-E01,2025-05-26,6.9,cashier
SH001137,S03,S03-E09,2025-04-08,7.3,cashier
SH001615,S05,S05-E02,2025-04-26,7.0,manager
SH000041,S01,S01-E01,2025-05-31,6.4,stock
SH001398,S04,S04-E06,2025-04-21,6.4,stock
SH001510,S04,S04-E09,2025-05-09,6.6,cashier
SH000766,S02,S02-E10,2025-04-18,6.4,stock
SH001527,S04,S04-E10,2025-04-13,6.4,stock
SH000835,S03,S03-E01,2025-05-30,7.8,manager
SH001220,S04,S04-E01,2025-04-18,7.8,cashier
SH001837,S05,S05-E07,2025-05-30,7.2,stock
SH001761,S05,S05-E06,2025-04-07,6.2,manager
SH001673,S05,S05-E03,2025-05-27,6.6,cashier
SH000490,S02,S02-E03,2025-05-03,6.5,cashier
SH000492,S02,S02-E03,2025-05-05,6.6,cashier
SH001878,S05,S05-E08,2025-06-01,6.4,stock
SH000927,S03,S03-E04,2025-04-07,8.5,manager
SH001020,S03,S03-E06,2025-04-21,6.7,stock
SH001476,S04,S04-E08,2025-05-09,8.0,stock
SH000913,S03,S03-E03,2025-05-17,7.3,stock
SH000360,S01,S01-E10,2025-04-23,7.5,stock
SH000434,S02,S02-E02,2025-04-13,5.6,manager
SH000288,S01,S01-E08,2025-04-13,6.4,manager
SH001787,S05,S05-E06,2025-05-16,6.3,manager
SH000507,S02,S02-E03,2025-05-20,5.5,cashier
SH000227,S01,S01-E06,2025-05-09,6.7,stock
SH000157,S01,S01-E04,2025-05-27,6.6,stock
SH000763,S02,S02-E10,2025-04-14,9.0,stock
SH000047,S01,S01-E02,2025-04-12,6.5,cashier
SH000725,S02,S02-E09,2025-04-14,7.9,cashier
SH000250,S01,S01-E07,2025-04-16,8.1,stock
SH001804,S05,S05-E07,2025-04-12,7.9,stock
SH001894,S05,S05-E09,2025-05-01,3.6,cashier
SH000850,S03,S03-E02,2025-04-23,6.2,stock
SH001957,S05,S05-E10,2025-06-01,6.6,stock
SH001497,S04,S04-E09,2025-04-19,8.5,cashier
SH001629,S05,S05-E02,2025-05-22,6.7,manager
SH001088,S03,S03-E07,2025-05-20,5.3,cashier
SH001627,S05,S05-E02,2025-05-19,9.4,manager
SH001320,S04,S04-E03,2025-05-27,7.4,manager
SH001473,S04,S04-E08,2025-05-06,8.4,stock
SH001454,S04,S04-E07,2025-06-01,7.6,stock
SH001547,S04,S04-E10,2025-05-08,5.9,stock
SH001081,S03,S03-E07,2025-05-12,7.1,cashier
SH000459,S02,S02-E02,2025-05-16,7.6,manager
SH001648,S05,S05-E03,2025-04-22,7.3,cashier
SH001873,S05,S05-E08,2025-05-24,7.0,stock
SH000028,S01,S01-E01,2025-05-15,6.9,stock
SH001484,S04,S04-E08,2025-05-27,5.9,stock
SH001370,S04,S04-E05,2025-04-28,7.0,stock
SH000223,S01,S01-E06,2025-05-05,6.4,stock
SH001009,S03,S03-E05,2025-05-31,6.8,stock
SH001006,S03,S03-E05,2025-05-26,7.7,stock
SH000340,S01,S01-E09,2025-05-04,6.8,manager
SH000403,S02,S02-E01,2025-04-29,6.1,manager
SH000969,S03,S03-E05,2025-04-11,4.5,stock
SH001232,S04,S04-E01,2025-05-03,7.1,cashier
SH000436,S02,S02-E02,2025-04-16,7.3,manager
SH001719,S05,S05-E04,2025-06-01,8.2,cashier
SH000886,S03,S03-E03,2025-04-16,4.7,stock
SH000727,S02,S02-E09,2025-04-17,5.0,cashier
SH001216,S04,S04-E01,2025-04-13,7.3,cashier
SH001101,S03,S03-E08,2025-04-10,8.2,cashier
SH000251,S01,S01-E07,2025-04-17,7.6,stock
SH000401,S02,S02-E01,2025-04-25,9.1,manager
SH001406,S04,S04-E06,2025-05-04,8.7,stock
SH001501,S04,S04-E09,2025-04-26,4.0,cashier
SH001161,S03,S03-E09,2025-05-18,7.1,cashier
SH000197,S01,S01-E05,2025-05-25,7.7,cashier
SH000781,S02,S02-E10,2025-05-14,5.9,stock
SH001536,S04,S04-E10,2025-04-26,7.6,stock
SH000610,S02,S02-E06,2025-05-02,7.7,stock
SH001641,S05,S05-E03,2025-04-10,7.0,cashier
SH000297,S01,S01-E08,2025-04-26,7.5,manager
SH001294,S04,S04-E03,2025-04-16,6.1,manager
SH000286,S01,S01-E08,2025-04-11,5.9,manager
SH001695,S05,S05-E04,2025-04-30,6.0,cashier
SH001383,S04,S04-E05,2025-05-22,9.7,stock
SH000606,S02,S02-E06,2025-04-25,6.0,stock
SH000451,S02,S02-E02,2025-05-07,6.1,manager
SH001720,S05,S05-E05,2025-04-08,6.5,cashier
SH001687,S05,S05-E04,2025-04-21,8.4,cashier
SH001264,S04,S04-E02,2025-04-28,8.6,manager
SH000446,S02,S02-E02,2025-05-01,7.6,manager
SH000275,S01,S01-E07,2025-05-23,7.8,stock
SH000890,S03,S03-E03,2025-04-20,7.1,stock
SH000967,S03,S03-E05,2025-04-07,7.5,stock
SH001794,S05,S05-E06,2025-05-26,8.6,manager
SH001703,S05,S05-E04,2025-05-10,5.9,cashier
SH001936,S05,S05-E10,2025-05-03,7.9,stock
SH001300,S04,S04-E03,2025-04-23,6.4,manager
SH001270,S04,S04-E02,2025-05-04,7.3,manager
SH001587,S05,S05-E01,2025-05-11,6.6,cashier
SH000277,S01,S01-E07,2025-05-25,7.2,stock
SH000897,S03,S03-E03,2025-04-28,5.5,stock
SH001127,S03,S03-E08,2025-05-17,6.0,cashier
SH001470,S04,S04-E08,2025-05-01,7.0,stock
SH000698,S02,S02-E08,2025-05-09,6.7,stock
SH000300,S01,S01-E08,2025-04-29,6.0,manager
SH001753,S05,S05-E05,2025-05-24,8.7,cashier
SH000541,S02,S02-E04,2025-05-08,7.6,cashier
SH000482,S02,S02-E03,2025-04-23,7.1,cashier
SH000822,S03,S03-E01,2025-05-12,6.9,manager
SH000190,S01,S01-E05,2025-05-11,9.4,cashier
SH001886,S05,S05-E09,2025-04-18,7.4,cashier
SH001591,S05,S05-E01,2025-05-16,6.1,cashier
SH001832,S05,S05-E07,2025-05-25,6.0,stock
SH001523,S04,S04-E10,2025-04-08,6.6,stock
SH001632,S05,S05-E02,2025-05-25,8.4,manager
SH000757,S02,S02-E09,2025-05-28,6.9,cashier
SH001421,S04,S04-E07,2025-04-08,7.7,stock
SH001810,S05,S05-E07,2025-04-20,5.8,stock
SH000818,S03,S03-E01,2025-05-08,7.8,manager
SH000801,S03,S03-E01,2025-04-17,6.1,manager
SH001373,S04,S04-E05,2025-05-01,8.7,stock
SH001604,S05,S05-E02,2025-04-11,7.2,manager
SH001788,S05,S05-E06,2025-05-18,7.6,manager
SH000272,S01,S01-E07,2025-05-16,7.0,stock
SH000444,S02,S02-E02,2025-04-29,5.8,manager
SH000445,S02,S02-E02,2025-04-30,8.0,manager
SH000326,S01,S01-E09,2025-04-17,6.5,manager
SH000754,S02,S02-E09,2025-05-25,7.8,cashier
SH001374,S04,S04-E05,2025-05-03,6.8,stock
SH001244,S04,S04-E01,2025-05-26,8.3,cashier
SH000791,S02,S02-E10,2025-05-28,7.8,stock
SH000338,S01,S01-E09,2025-04-30,6.0,manager
SH000594,S02,S02-E06,2025-04-07,7.7,stock
SH000857,S03,S03-E02,2025-05-04,8.2,stock
SH001157,S03,S03-E09,2025-05-14,5.4,cashier
SH001565,S05,S05-E01,2025-04-10,7.5,cashier
SH000505,S02,S02-E03,2025-05-18,8.3,cashier
SH001420,S04,S04-E07,2025-04-07,9.1,stock
SH001928,S05,S05-E10,2025-04-25,7.2,stock
SH001728,S05,S05-E05,2025-04-16,8.1,cashier
SH000786,S02,S02-E10,2025-05-19,7.2,stock
SH000079,S01,S01-E02,2025-05-28,5.9,cashier
SH001160,S03,S03-E09,2025-05-17,7.4,cashier
SH001656,S05,S05-E03,2025-05-03,6.6,cashier
SH001256,S04,S04-E02,2025-04-15,6.4,manager
SH001542,S04,S04-E10,2025-05-02,8.5,stock
SH001262,S04,S04-E02,2025-04-26,7.8,manager
SH001504,S04,S04-E09,2025-04-30,7.1,cashier
SH001034,S03,S03-E06,2025-05-08,8.9,stock
SH001827,S05,S05-E07,2025-05-19,7.7,stock
SH000160,S01,S01-E04,2025-05-31,7.9,stock
SH000174,S01,S01-E05,2025-04-24,6.7,cashier
SH001153,S03,S03-E09,2025-05-05,7.1,cashier
SH000615,S02,S02-E06,2025-05-09,6.1,stock
SH001311,S04,S04-E03,2025-05-09,9.3,manager
SH000928,S03,S03-E04,2025-04-08,6.8,manager
SH000966,S03,S03-E04,2025-05-27,6.2,manager
SH000282,S01,S01-E07,2025-05-31,7.8,stock
SH001895,S05,S05-E09,2025-05-02,6.1,cashier
SH000421,S02,S02-E01,2025-05-21,9.4,manager
SH001857,S05,S05-E08,2025-05-02,7.0,stock
SH001969,S09,S09-E01,2025-04-25,7.2,cashier
SH000082,S01,S01-E02,2025-06-01,7.2,cashier
SH000764,S02,S02-E10,2025-04-15,5.7,stock
SH001248,S04,S04-E01,2025-05-30,6.6,cashier
SH001666,S05,S05-E03,2025-05-16,7.0,cashier
SH000193,S01,S01-E05,2025-05-18,5.8,cashier
SH001094,S03,S03-E07,2025-05-28,9.4,cashier
SH001221,S04,S04-E01,2025-04-19,6.8,cashier
SH000546,S02,S02-E04,2025-05-21,6.6,cashier
SH001899,S05,S05-E09,2025-05-06,7.7,cashier
SH000388,S02,S02-E01,2025-04-08,7.6,manager
SH000830,S03,S03-E01,2025-05-23,7.4,manager
SH000574,S02,S02-E05,2025-05-07,9.1,cashier
SH000728,S02,S02-E09,2025-04-19,6.9,cashier
SH001842,S05,S05-E08,2025-04-09,7.3,stock
SH000640,S02,S02-E07,2025-04-14,5.0,cashier
SH000896,S03,S03-E03,2025-04-27,8.8,stock
SH000332,S01,S01-E09,2025-04-23,5.5,manager
SH000819,S03,S03-E01,2025-05-09,6.4,manager
SH000169,S01,S01-E05,2025-04-17,8.0,cashier
SH001520,S04,S04-E09,2025-05-28,7.9,cashier
SH000660,S02,S02-E07,2025-05-13,7.3,cashier
SH001367,S04,S04-E05,2025-04-23,6.2,stock
SH000597,S02,S02-E06,2025-04-10,7.8,stock
SH000373,S01,S01-E10,2025-05-08,8.1,stock
SH001125,S03,S03-E08,2025-05-15,7.7,cashier
SH001223,S04,S04-E01,2025-04-22,4.8,cashier
SH000148,S01,S01-E04,2025-05-16,6.2,stock
SH001394,S04,S04-E06,2025-04-15,7.8,stock
SH000699,S02,S02-E08,2025-05-10,7.2,stock
SH000777,S02,S02-E10,2025-05-09,6.5,stock
SH000050,S01,S01-E02,2025-04-15,6.8,cashier
SH001429,S04,S04-E07,2025-04-20,6.2,stock
SH001620,S05,S05-E02,2025-05-03,5.1,manager
SH001068,S03,S03-E07,2025-04-27,7.4,cashier
SH001214,S04,S04-E01,2025-04-10,8.2,cashier
SH000746,S02,S02-E09,2025-05-14,7.8,cashier
SH001711,S05,S05-E04,2025-05-23,7.0,cashier
SH001909,S05,S05-E09,2025-05-21,6.7,cashier
SH001449,S04,S04-E07,2025-05-25,5.5,stock
SH000508,S02,S02-E03,2025-05-21,5.3,cashier
SH000970,S03,S03-E05,2025-04-12,7.9,stock
SH000134,S01,S01-E04,2025-04-24,7.8,stock
SH001544,S04,S04-E10,2025-05-05,6.7,stock
SH001825,S05,S05-E07,2025-05-13,8.2,stock
SH001727,S05,S05-E05,2025-04-15,8.0,cashier
SH000059,S01,S01-E02,2025-04-30,9.5,cashier
SH000848,S03,S03-E02,2025-04-21,7.2,stock
SH001576,S05,S05-E01,2025-04-26,7.6,cashier
SH001712,S05,S05-E04,2025-05-24,6.5,cashier
SH001365,S04,S04-E05,2025-04-18,6.9,stock
SH000260,S01,S01-E07,2025-04-28,8.1,stock
SH000562,S02,S02-E05,2025-04-20,7.8,cashier
SH001113,S03,S03-E08,2025-04-27,6.5,cashier
SH001715,S05,S05-E04,2025-05-27,6.2,cashier
SH001505,S04,S04-E09,2025-05-03,5.5,cashier
SH001005,S03,S03-E05,2025-05-25,6.7,stock
SH000837,S03,S03-E02,2025-04-07,7.7,stock
SH000470,S02,S02-E02,2025-05-31,5.8,manager
SH000179,S01,S01-E05,2025-04-29,6.7,cashier
SH000716,S02,S02-E08,2025-05-29,8.4,stock
SH001630,S05,S05-E02,2025-05-23,7.7,manager
SH000135,S01,S01-E04,2025-04-25,5.7,stock
SH000581,S02,S02-E05,2025-05-15,7.9,cashier
SH000567,S02,S02-E05,2025-04-26,5.4,cashier
SH001912,S05,S05-E09,2025-05-26,6.1,cashier
SH001777,S05,S05-E06,2025-05-04,6.8,manager
SH001533,S04,S04-E10,2025-04-21,7.2,stock
SH001040,S03,S03-E06,2025-05-16,8.8,stock
SH000018,S01,S01-E01,2025-05-02,7.2,stock
SH001035,S03,S03-E06,2025-05-11,7.3,stock
SH001963,S03,S03-TEMP02,2025-05-11,5.8,temp
SH001589,S05,S05-E01,2025-05-14,5.5,cashier
SH001413,S04,S04-E06,2025-05-22,6.3,stock
SH000652,S02,S02-E07,2025-05-01,7.4,cashier
SH001432,S04,S04-E07,2025-04-23,9.2,stock
SH001568,S05,S05-E01,2025-04-13,7.8,cashier
SH000565,S02,S02-E05,2025-04-24,6.5,cashier
SH000466,S02,S02-E02,2025-05-25,6.9,manager
SH001409,S04,S04-E06,2025-05-09,7.0,stock
SH000869,S03,S03-E02,2025-05-21,7.0,stock
SH001602,S05,S05-E02,2025-04-07,8.6,manager
SH000348,S01,S01-E09,2025-05-17,6.8,manager
SH000254,S01,S01-E07,2025-04-21,7.8,stock
SH000003,S01,S01-E01,2025-04-11,6.4,stock
SH001133,S03,S03-E08,2025-05-29,6.9,cashier
SH000005,S01,S01-E01,2025-04-17,5.9,stock
SH000750,S02,S02-E09,2025-05-20,7.5,cashier
SH000523,S02,S02-E04,2025-04-17,5.6,cashier
SH000665,S02,S02-E07,2025-05-20,6.8,cashier
SH000883,S03,S03-E03,2025-04-09,7.9,stock
SH001779,S05,S05-E06,2025-05-06,6.8,manager
SH000842,S03,S03-E02,2025-04-12,6.9,stock
SH001944,S05,S05-E10,2025-05-14,7.0,stock
SH001436,S04,S04-E07,2025-04-30,8.1,stock
SH001902,S05,S05-E09,2025-05-10,6.9,cashier
SH001205,S03,S03-E10,2025-05-23,7.7,cashier
SH001522,S04,S04-E09,2025-06-01,6.1,cashier
SH000270,S01,S01-E07,2025-05-14,7.8,stock
SH000327,S01,S01-E09,2025-04-18,6.3,manager
SH001392,S04,S04-E06,2025-04-12,6.8,stock
SH001871,S05,S05-E08,2025-05-21,6.8,stock
SH000573,S02,S02-E05,2025-05-06,7.5,cashier
SH001853,S05,S05-E08,2025-04-26,7.0,stock
SH000244,S01,S01-E07,2025-04-07,7.5,stock
SH000622,S02,S02-E06,2025-05-18,6.7,stock
SH000983,S03,S03-E05,2025-04-27,7.3,stock
SH001064,S03,S03-E07,2025-04-22,7.0,cashier
SH001447,S04,S04-E07,2025-05-23,7.1,stock
SH001679,S05,S05-E04,2025-04-13,6.3,cashier
SH000117,S01,S01-E03,2025-05-29,8.7,stock
SH001298,S04,S04-E03,2025-04-20,5.6,manager
SH000525,S02,S02-E04,2025-04-19,9.0,cashier
SH000636,S02,S02-E07,2025-04-09,6.7,cashier
SH000785,S02,S02-E10,2025-05-18,8.0,stock
SH001686,S05,S05-E04,2025-04-20,7.0,cashier
SH001521,S04,S04-E09,2025-05-29,5.8,cashier
SH000682,S02,S02-E08,2025-04-12,5.8,stock
SH000200,S01,S01-E05,2025-05-29,5.4,cashier
SH001174,S03,S03-E10,2025-04-11,5.9,cashier
SH001935,S05,S05-E10,2025-05-02,5.4,stock
SH001371,S04,S04-E05,2025-04-29,6.9,stock
SH001322,S04,S04-E03,2025-05-29,8.4,manager
SH001323,S04,S04-E03,2025-05-31,6.0,manager
SH000609,S02,S02-E06,2025-05-01,6.9,stock
SH000718,S02,S02-E08,2025-05-31,6.6,stock
SH001052,S03,S03-E06,2025-06-01,9.0,stock
SH001380,S04,S04-E05,2025-05-10,5.7,stock
SH001465,S04,S04-E08,2025-04-26,6.8,stock
SH000925,S03,S03-E03,2025-05-31,9.2,stock
SH001578,S05,S05-E01,2025-04-28,6.6,cashier
SH000280,S01,S01-E07,2025-05-29,7.1,stock
SH001154,S03,S03-E09,2025-05-10,6.8,cashier
SH001000,S03,S03-E05,2025-05-17,8.3,stock
SH001150,S03,S03-E09,2025-05-02,8.2,cashier
SH000029,S01,S01-E01,2025-05-16,4.8,stock
SH001771,S05,S05-E06,2025-04-24,7.3,manager
SH000335,S01,S01-E09,2025-04-26,7.3,manager
SH000759,S02,S02-E09,2025-06-01,6.3,cashier
SH000415,S02,S02-E01,2025-05-13,5.6,manager
SH001330,S04,S04-E04,2025-04-16,7.5,stock
SH001331,S04,S04-E04,2025-04-17,7.2,stock
SH001952,S05,S05-E10,2025-05-26,4.3,stock
SH000755,S02,S02-E09,2025-05-26,7.1,cashier
SH000115,S01,S01-E03,2025-05-27,7.6,stock
SH001977,S09,S09-E01,2025-04-26,6.3,cashier
SH000522,S02,S02-E04,2025-04-14,5.7,cashier
SH000987,S03,S03-E05,2025-05-02,6.6,stock
SH000409,S02,S02-E01,2025-05-07,8.1,manager
SH001931,S05,S05-E10,2025-04-28,7.2,stock
SH000840,S03,S03-E02,2025-04-10,7.3,stock
SH001271,S04,S04-E02,2025-05-05,8.3,manager
SH001260,S04,S04-E02,2025-04-20,7.7,manager
SH000072,S01,S01-E02,2025-05-17,8.6,cashier
SH000593,S02,S02-E05,2025-06-01,5.8,cashier
SH001714,S05,S05-E04,2025-05-26,6.4,cashier
SH000110,S01,S01-E03,2025-05-18,7.9,stock
SH001646,S05,S05-E03,2025-04-18,6.4,cashier
SH000655,S02,S02-E07,2025-05-07,6.0,cashier
SH001455,S04,S04-E08,2025-04-07,7.5,stock
SH000863,S03,S03-E02,2025-05-13,6.3,stock
SH000464,S02,S02-E02,2025-05-23,8.3,manager
SH001851,S05,S05-E08,2025-04-23,7.3,stock
SH000991,S03,S03-E05,2025-05-06,5.3,stock
SH000827,S03,S03-E01,2025-05-17,6.0,manager
SH001033,S03,S03-E06,2025-05-07,7.8,stock
SH001752,S05,S05-E05,2025-05-23,6.4,cashier
SH000761,S02,S02-E10,2025-04-08,6.6,stock
SH001345,S04,S04-E04,2025-05-09,6.5,stock
SH001422,S04,S04-E07,2025-04-10,9.6,stock
SH000828,S03,S03-E01,2025-05-20,8.9,manager
SH001566,S05,S05-E01,2025-04-11,7.3,cashier
SH001807,S05,S05-E07,2025-04-17,8.5,stock
SH000954,S03,S03-E04,2025-05-11,6.4,manager
SH000487,S02,S02-E03,2025-04-30,5.4,cashier
SH000460,S02,S02-E02,2025-05-17,8.5,manager
SH001016,S03,S03-E06,2025-04-14,6.3,stock
SH001024,S03,S03-E06,2025-04-26,5.3,stock
SH000184,S01,S01-E05,2025-05-04,7.5,cashier
SH000603,S02,S02-E06,2025-04-20,6.0,stock
SH000375,S01,S01-E10,2025-05-11,7.9,stock
SH001639,S05,S05-E03,2025-04-07,7.7,cashier
SH001171,S03,S03-E10,2025-04-08,7.8,cashier
SH001882,S05,S05-E09,2025-04-12,5.8,cashier
SH000418,S02,S02-E01,2025-05-17,7.4,manager
SH000876,S03,S03-E02,2025-05-28,7.2,stock
SH001577,S05,S05-E01,2025-04-27,7.8,cashier
SH000416,S02,S02-E01,2025-05-14,5.4,manager
SH001149,S03,S03-E09,2025-04-28,9.7,cashier
SH001135,S03,S03-E08,2025-06-01,5.4,cashier
SH001564,S05,S05-E01,2025-04-09,7.5,cashier
SH001212,S04,S04-E01,2025-04-08,8.5,cashier
SH001184,S03,S03-E10,2025-04-27,7.2,cashier
SH001830,S05,S05-E07,2025-05-22,7.7,stock
SH001263,S04,S04-E02,2025-04-27,9.8,manager
SH000061,S01,S01-E02,2025-05-03,7.1,cashier
SH001302,S04,S04-E03,2025-04-25,7.0,manager
SH000687,S02,S02-E08,2025-04-17,5.6,stock
SH000379,S01,S01-E10,2025-05-19,5.9,stock
SH000315,S01,S01-E08,2025-05-24,7.4,manager
SH000473,S02,S02-E03,2025-04-11,6.5,cashier
SH001694,S05,S05-E04,2025-04-29,7.9,cashier
SH001700,S05,S05-E04,2025-05-06,6.1,cashier
SH000809,S03,S03-E01,2025-04-26,7.4,manager
SH000560,S02,S02-E05,2025-04-16,7.9,cashier
SH001650,S05,S05-E03,2025-04-25,7.1,cashier
SH001056,S03,S03-E07,2025-04-13,6.5,cashier
SH001165,S03,S03-E09,2025-05-25,6.9,cashier
SH000910,S03,S03-E03,2025-05-12,5.0,stock
SH000098,S01,S01-E03,2025-05-03,6.5,stock
SH000705,S02,S02-E08,2025-05-18,7.1,stock
SH000726,S02,S02-E09,2025-04-16,8.1,cashier
SH000548,S02,S02-E04,2025-05-24,6.8,cashier
SH001607,S05,S05-E02,2025-04-14,5.9,manager
SH001947,S05,S05-E10,2025-05-20,6.1,stock
SH000611,S02,S02-E06,2025-05-04,5.5,stock
SH001584,S05,S05-E01,2025-05-08,8.3,cashier
SH000309,S01,S01-E08,2025-05-11,6.0,manager
SH001884,S05,S05-E09,2025-04-16,7.3,cashier
SH000550,S02,S02-E04,2025-05-28,6.7,cashier
SH001448,S04,S04-E07,2025-05-24,5.9,stock
SH001363,S04,S04-E05,2025-04-16,9.3,stock
SH000748,S02,S02-E09,2025-05-17,6.0,cashier
SH000109,S01,S01-E03,2025-05-17,6.5,stock
SH000001,S01,S01-E01,2025-04-08,6.5,stock
SH001112,S03,S03-E08,2025-04-26,6.5,cashier
SH000650,S02,S02-E07,2025-04-29,6.2,cashier
SH001324,S04,S04-E03,2025-06-01,5.9,manager
SH000372,S01,S01-E10,2025-05-07,6.5,stock
SH001131,S03,S03-E08,2025-05-26,6.6,cashier
SH001329,S04,S04-E04,2025-04-14,7.6,stock
SH001754,S05,S05-E05,2025-05-25,6.0,cashier
SH000095,S01,S01-E03,2025-04-27,6.6,stock
SH001002,S03,S03-E05,2025-05-21,7.9,stock
SH001643,S05,S05-E03,2025-04-14,7.2,cashier
SH000269,S01,S01-E07,2025-05-13,6.7,stock
SH000974,S03,S03-E05,2025-04-16,6.4,stock
SH000392,S02,S02-E01,2025-04-13,5.2,manager
SH000139,S01,S01-E04,2025-05-01,7.7,stock
SH001361,S04,S04-E05,2025-04-11,7.7,stock
SH000578,S02,S02-E05,2025-05-12,6.5,cashier
SH001555,S04,S04-E10,2025-05-24,6.9,stock
SH001139,S03,S03-E09,2025-04-13,5.1,cashier
SH001032,S03,S03-E06,2025-05-06,7.3,stock
SH000158,S01,S01-E04,2025-05-28,7.8,stock
SH000015,S01,S01-E01,2025-04-28,6.9,stock
SH001671,S05,S05-E03,2025-05-25,6.5,cashier
SH000592,S02,S02-E05,2025-05-31,8.5,cashier
SH000607,S02,S02-E06,2025-04-26,6.9,stock
SH000094,S01,S01-E03,2025-04-26,6.4,stock
SH000220,S01,S01-E06,2025-05-01,6.0,stock
SH000231,S01,S01-E06,2025-05-15,7.7,stock
SH000832,S03,S03-E01,2025-05-27,8.5,manager
SH001352,S04,S04-E04,2025-05-27,6.2,stock
SH000666,S02,S02-E07,2025-05-21,5.6,cashier
SH000381,S01,S01-E10,2025-05-22,5.5,stock
SH001872,S05,S05-E08,2025-05-22,6.8,stock
SH000637,S02,S02-E07,2025-04-10,5.9,cashier
SH000324,S01,S01-E09,2025-04-13,6.3,manager
SH001245,S04,S04-E01,2025-05-27,8.4,cashier
SH001015,S03,S03-E06,2025-04-12,7.1,stock
SH000514,S02,S02-E03,2025-05-31,5.9,cashier
SH001570,S05,S05-E01,2025-04-15,7.1,cashier
SH001419,S04,S04-E06,2025-05-31,7.1,stock
SH000908,S03,S03-E03,2025-05-10,5.3,stock
SH000709,S02,S02-E08,2025-05-22,5.5,stock
SH000540,S02,S02-E04,2025-05-07,6.7,cashier
SH001104,S03,S03-E08,2025-04-13,8.1,cashier
SH001240,S04,S04-E01,2025-05-21,8.8,cashier
SH001092,S03,S03-E07,2025-05-25,5.5,cashier
SH000972,S03,S03-E05,2025-04-14,6.1,stock
SH000007,S01,S01-E01,2025-04-19,7.6,stock
SH000673,S02,S02-E07,2025-05-28,5.4,cashier
SH001255,S04,S04-E02,2025-04-14,6.3,manager
SH001251,S04,S04-E02,2025-04-08,7.1,manager
SH001785,S05,S05-E06,2025-05-14,7.3,manager
SH001067,S03,S03-E07,2025-04-26,7.2,cashier
SH001517,S04,S04-E09,2025-05-24,6.9,cashier
SH000512,S02,S02-E03,2025-05-26,5.8,cashier
SH000656,S02,S02-E07,2025-05-08,6.0,cashier
SH000643,S02,S02-E07,2025-04-18,9.0,cashier
SH001786,S05,S05-E06,2025-05-15,5.8,manager
SH001402,S04,S04-E06,2025-04-25,7.4,stock
SH000667,S02,S02-E07,2025-05-22,6.9,cashier
SH000798,S03,S03-E01,2025-04-13,7.6,manager
SH001273,S04,S04-E02,2025-05-07,8.1,manager
SH000476,S02,S02-E03,2025-04-16,9.0,cashier
SH000905,S03,S03-E03,2025-05-06,5.2,stock
SH001896,S05,S05-E09,2025-05-03,6.2,cashier
SH000412,S02,S02-E01,2025-05-10,6.4,manager
SH000235,S01,S01-E06,2025-05-20,6.1,stock
SH001918,S05,S05-E10,2025-04-14,7.7,stock
SH000278,S01,S01-E07,2025-05-26,9.7,stock
SH001550,S04,S04-E10,2025-05-11,6.7,stock
SH000067,S01,S01-E02,2025-05-11,3.7,cashier
SH000545,S02,S02-E04,2025-05-17,6.5,cashier
SH001774,S05,S05-E06,2025-05-01,7.0,manager
SH000729,S02,S02-E09,2025-04-20,7.8,cashier
SH000788,S02,S02-E10,2025-05-21,6.1,stock
SH000312,S01,S01-E08,2025-05-18,7.2,manager
SH000964,S03,S03-E04,2025-05-24,6.5,manager
SH001118,S03,S03-E08,2025-05-06,5.2,cashier
SH000805,S03,S03-E01,2025-04-21,6.4,manager
SH000091,S01,S01-E03,2025-04-20,7.9,stock
SH001628,S05,S05-E02,2025-05-20,4.5,manager
SH000800,S03,S03-E01,2025-04-16,7.0,manager
SH001377,S04,S04-E05,2025-05-06,7.9,stock
SH000531,S02,S02-E04,2025-04-27,5.5,cashier
SH001071,S03,S03-E07,2025-05-02,7.5,cashier
SH001099,S03,S03-E08,2025-04-08,9.1,cashier
SH001601,S05,S05-E01,2025-05-31,6.0,cashier
SH000638,S02,S02-E07,2025-04-11,7.1,cashier
SH000860,S03,S03-E02,2025-05-07,7.5,stock
SH000870,S03,S03-E02,2025-05-22,5.2,stock
SH000266,S01,S01-E07,2025-05-10,7.2,stock
SH001333,S04,S04-E04,2025-04-21,6.9,stock
SH001651,S05,S05-E03,2025-04-27,8.3,cashier
SH001770,S05,S05-E06,2025-04-23,7.4,manager
SH001375,S04,S04-E05,2025-05-04,6.2,stock
SH000981,S03,S03-E05,2025-04-25,7.6,stock
SH000351,S01,S01-E09,2025-05-25,9.4,manager
SH000385,S01,S01-E10,2025-05-29,6.9,stock
SH000887,S03,S03-E03,2025-04-17,8.8,stock
SH001141,S03,S03-E09,2025-04-15,9.6,cashier
SH001688,S05,S05-E04,2025-04-23,7.0,cashier
SH001172,S03,S03-E10,2025-04-09,6.2,cashier
SH001659,S05,S05-E03,2025-05-06,7.4,cashier
SH001410,S04,S04-E06,2025-05-10,7.4,stock
SH000222,S01,S01-E06,2025-05-03,5.6,stock
SH001870,S05,S05-E08,2025-05-20,6.6,stock
SH000663,S02,S02-E07,2025-05-17,7.3,cashier
SH001425,S04,S04-E07,2025-04-13,6.8,stock
SH000483,S02,S02-E03,2025-04-25,7.4,cashier
SH000120,S01,S01-E04,2025-04-07,7.0,stock
SH001633,S05,S05-E02,2025-05-27,7.9,manager
SH001044,S03,S03-E06,2025-05-22,5.1,stock
SH001670,S05,S05-E03,2025-05-24,6.3,cashier
SH000261,S01,S01-E07,2025-05-01,7.3,stock
SH001795,S05,S05-E06,2025-05-27,6.2,manager
SH000187,S01,S01-E05,2025-05-07,8.4,cashier
SH000064,S01,S01-E02,2025-05-08,6.0,cashier
SH000956,S03,S03-E04,2025-05-14,6.8,manager
SH001978,S09,S09-E01,2025-04-24,6.0,cashier
SH000697,S02,S02-E08,2025-05-08,5.3,stock
SH001730,S05,S05-E05,2025-04-18,7.0,cashier
SH001124,S03,S03-E08,2025-05-14,8.4,cashier
SH001875,S05,S05-E08,2025-05-28,6.2,stock
SH000049,S01,S01-E02,2025-04-14,7.3,cashier
SH000393,S02,S02-E01,2025-04-14,5.4,manager
SH001284,S04,S04-E02,2025-05-29,6.4,manager
SH001939,S05,S05-E10,2025-05-06,7.8,stock
SH001800,S05,S05-E07,2025-04-08,9.0,stock
SH000576,S02,S02-E05,2025-05-10,8.1,cashier
SH001605,S05,S05-E02,2025-04-12,6.7,manager
SH000903,S03,S03-E03,2025-05-04,9.7,stock
SH000938,S03,S03-E04,2025-04-20,6.7,manager
SH000549,S02,S02-E04,2025-05-25,5.5,cashier
SH001342,S04,S04-E04,2025-05-04,5.8,stock
SH001347,S04,S04-E04,2025-05-11,8.1,stock
SH000151,S01,S01-E04,2025-05-20,7.4,stock
SH000221,S01,S01-E06,2025-05-02,6.6,stock
SH001083,S03,S03-E07,2025-05-14,9.3,cashier
SH001190,S03,S03-E10,2025-05-03,7.6,cashier
SH001267,S04,S04-E02,2025-05-01,6.5,manager
SH001259,S04,S04-E02,2025-04-19,7.4,manager
SH000182,S01,S01-E05,2025-05-02,6.3,cashier
SH000166,S01,S01-E05,2025-04-13,6.7,cashier
SH000475,S02,S02-E03,2025-04-15,7.9,cashier
SH001920,S05,S05-E10,2025-04-16,6.7,stock
SH000081,S01,S01-E02,2025-05-31,7.2,cashier
SH001166,S03,S03-E09,2025-05-26,7.3,cashier
SH001209,S03,S03-E10,2025-05-29,5.3,cashier
SH001592,S05,S05-E01,2025-05-17,5.1,cashier
SH001362,S04,S04-E05,2025-04-12,4.7,stock
SH001119,S03,S03-E08,2025-05-07,6.3,cashier
SH001151,S03,S03-E09,2025-05-03,6.1,cashier
SH001193,S03,S03-E10,2025-05-06,6.9,cashier
SH000843,S03,S03-E02,2025-04-13,6.0,stock
SH001606,S05,S05-E02,2025-04-13,6.3,manager
SH000684,S02,S02-E08,2025-04-14,6.1,stock
SH000114,S01,S01-E03,2025-05-24,8.2,stock
SH001519,S04,S04-E09,2025-05-26,4.6,cashier
SH001540,S04,S04-E10,2025-04-30,8.3,stock
SH001496,S04,S04-E09,2025-04-18,6.4,cashier
SH000856,S03,S03-E02,2025-05-03,6.0,stock
SH001381,S04,S04-E05,2025-05-20,6.0,stock
SH000461,S02,S02-E02,2025-05-19,8.2,manager
SH000591,S02,S02-E05,2025-05-30,7.2,cashier
SH001078,S03,S03-E07,2025-05-09,6.4,cashier
SH001140,S03,S03-E09,2025-04-14,8.4,cashier
SH001567,S05,S05-E01,2025-04-12,8.5,cashier
SH000078,S01,S01-E02,2025-05-27,5.9,cashier
SH001483,S04,S04-E08,2025-05-26,7.1,stock
SH000715,S02,S02-E08,2025-05-28,6.7,stock
SH001511,S04,S04-E09,2025-05-11,7.3,cashier
SH000657,S02,S02-E07,2025-05-10,9.5,cashier
SH000342,S01,S01-E09,2025-05-07,8.1,manager
SH001207,S03,S03-E10,2025-05-26,8.0,cashier
SH001446,S04,S04-E07,2025-05-22,6.9,stock
SH000862,S03,S03-E02,2025-05-11,5.4,stock
SH000162,S01,S01-E05,2025-04-08,7.0,cashier
SH001450,S04,S04-E07,2025-05-26,6.4,stock
SH000173,S01,S01-E05,2025-04-21,8.1,cashier
SH000426,S02,S02-E01,2025-05-27,7.1,manager
SH001869,S05,S05-E08,2025-05-19,6.3,stock
SH000700,S02,S02-E08,2025-05-13,5.0,stock
SH000455,S02,S02-E02,2025-05-12,8.4,manager
SH000199,S01,S01-E05,2025-05-27,6.4,cashier
SH000542,S02,S02-E04,2025-05-09,9.3,cashier
SH000778,S02,S02-E10,2025-05-10,7.5,stock
SH001062,S03,S03-E07,2025-04-20,4.2,cashier
SH000515,S02,S02-E03,2025-06-01,5.4,cashier
SH000205,S01,S01-E06,2025-04-08,6.8,stock
SH001023,S03,S03-E06,2025-04-25,6.3,stock
SH000612,S02,S02-E06,2025-05-05,7.6,stock
SH001224,S04,S04-E01,2025-04-23,7.3,cashier
SH000892,S03,S03-E03,2025-04-22,5.8,stock
SH000841,S03,S03-E02,2025-04-11,7.7,stock
SH000631,S02,S02-E06,2025-05-29,7.2,stock
SH001674,S05,S05-E04,2025-04-07,6.1,cashier
SH001210,S03,S03-E10,2025-05-30,8.1,cashier
SH001390,S04,S04-E06,2025-04-09,6.7,stock
SH001958,S03,S03-TEMP01,2025-05-10,6.6,temp
SH000915,S03,S03-E03,2025-05-20,6.6,stock
SH000980,S03,S03-E05,2025-04-23,7.3,stock
SH001312,S04,S04-E03,2025-05-10,7.1,manager
SH000874,S03,S03-E02,2025-05-26,6.2,stock
SH001796,S05,S05-E06,2025-05-28,6.2,manager
SH000635,S02,S02-E07,2025-04-08,8.1,cashier
SH001808,S05,S05-E07,2025-04-18,7.4,stock
SH001530,S04,S04-E10,2025-04-18,6.2,stock
SH000539,S02,S02-E04,2025-05-05,5.9,cashier
SH000107,S01,S01-E03,2025-05-15,6.5,stock
SH001397,S04,S04-E06,2025-04-19,6.4,stock
SH000968,S03,S03-E05,2025-04-10,6.6,stock
SH000823,S03,S03-E01,2025-05-13,8.9,manager
SH000035,S01,S01-E01,2025-05-22,6.1,stock
SH000172,S01,S01-E05,2025-04-20,6.4,cashier
SH000234,S01,S01-E06,2025-05-19,8.4,stock
SH000099,S01,S01-E03,2025-05-05,6.1,stock
SH000632,S02,S02-E06,2025-05-30,7.2,stock
SH000217,S01,S01-E06,2025-04-27,8.3,stock
SH000207,S01,S01-E06,2025-04-10,6.7,stock
SH000738,S02,S02-E09,2025-05-02,5.3,cashier
SH000242,S01,S01-E06,2025-05-31,6.6,stock
SH001548,S04,S04-E10,2025-05-09,7.0,stock
SH000011,S01,S01-E01,2025-04-24,6.9,stock
SH000396,S02,S02-E01,2025-04-17,6.8,manager
SH001304,S04,S04-E03,2025-04-27,7.7,manager
SH001028,S03,S03-E06,2025-04-30,7.2,stock
SH000971,S03,S03-E05,2025-04-13,7.2,stock
SH001692,S05,S05-E04,2025-04-27,7.4,cashier
SH001791,S05,S05-E06,2025-05-23,7.4,manager
SH000411,S02,S02-E01,2025-05-09,6.2,manager
SH000146,S01,S01-E04,2025-05-14,7.1,stock
SH000140,S01,S01-E04,2025-05-03,6.5,stock
SH001130,S03,S03-E08,2025-05-24,6.4,cashier
SH000299,S01,S01-E08,2025-04-28,6.0,manager
SH000438,S02,S02-E02,2025-04-20,7.3,manager
SH000100,S01,S01-E03,2025-05-06,6.8,stock
SH000618,S02,S02-E06,2025-05-12,8.8,stock
SH001971,S09,S09-E01,2025-04-16,5.9,cashier
SH001093,S03,S03-E07,2025-05-27,6.8,cashier
SH000950,S03,S03-E04,2025-05-05,7.2,manager
SH000506,S02,S02-E03,2025-05-19,8.9,cashier
SH001910,S05,S05-E09,2025-05-22,6.5,cashier
SH000189,S01,S01-E05,2025-05-10,4.5,cashier
SH000880,S03,S03-E02,2025-06-01,6.6,stock
SH000088,S01,S01-E03,2025-04-16,5.7,stock
SH001635,S05,S05-E02,2025-05-29,6.6,manager
SH000864,S03,S03-E02,2025-05-14,7.3,stock
SH001797,S05,S05-E06,2025-05-30,7.5,manager
SH000314,S01,S01-E08,2025-05-23,7.2,manager
SH000141,S01,S01-E04,2025-05-08,6.5,stock
SH001344,S04,S04-E04,2025-05-07,8.1,stock
SH001114,S03,S03-E08,2025-04-30,7.3,cashier
SH001222,S04,S04-E01,2025-04-21,6.4,cashier
SH001937,S05,S05-E10,2025-05-04,8.0,stock
SH001903,S05,S05-E09,2025-05-11,8.7,cashier
SH000284,S01,S01-E08,2025-04-08,8.4,manager
SH000380,S01,S01-E10,2025-05-21,5.9,stock
SH000605,S02,S02-E06,2025-04-23,7.4,stock
SH001717,S05,S05-E04,2025-05-30,6.5,cashier
SH000298,S01,S01-E08,2025-04-27,4.6,manager
SH000259,S01,S01-E07,2025-04-26,8.3,stock
SH001955,S05,S05-E10,2025-05-30,8.2,stock
SH000274,S01,S01-E07,2025-05-22,7.2,stock
SH001306,S04,S04-E03,2025-04-29,6.9,manager
SH000984,S03,S03-E05,2025-04-28,6.5,stock
SH001946,S05,S05-E10,2025-05-16,8.1,stock
SH000588,S02,S02-E05,2025-05-25,8.1,cashier
SH000879,S03,S03-E02,2025-05-31,7.0,stock
SH001980,S09,S09-E01,2025-04-27,6.9,cashier
SH000996,S03,S03-E05,2025-05-11,6.9,stock
SH000019,S01,S01-E01,2025-05-03,6.8,stock
SH000358,S01,S01-E10,2025-04-19,6.9,stock
SH000904,S03,S03-E03,2025-05-05,5.5,stock
SH000724,S02,S02-E09,2025-04-13,7.9,cashier
SH001865,S05,S05-E08,2025-05-11,7.7,stock
SH001314,S04,S04-E03,2025-05-19,4.8,manager
SH001775,S05,S05-E06,2025-05-02,5.7,manager
SH000796,S03,S03-E01,2025-04-11,6.9,manager
SH000489,S02,S02-E03,2025-05-02,8.5,cashier
SH000371,S01,S01-E10,2025-05-06,6.3,stock
SH001701,S05,S05-E04,2025-05-08,6.8,cashier
SH000563,S02,S02-E05,2025-04-21,7.2,cashier
SH001086,S03,S03-E07,2025-05-18,7.5,cashier
SH000255,S01,S01-E07,2025-04-22,6.2,stock
SH001368,S04,S04-E05,2025-04-24,7.2,stock
SH000564,S02,S02-E05,2025-04-22,7.0,cashier
SH000022,S01,S01-E01,2025-05-06,7.4,stock
SH000993,S03,S03-E05,2025-05-08,7.5,stock
SH001358,S04,S04-E05,2025-04-08,7.4,stock
SH001665,S05,S05-E03,2025-05-13,6.8,cashier
SH000669,S02,S02-E07,2025-05-24,7.2,cashier
SH000262,S01,S01-E07,2025-05-05,8.0,stock
SH000986,S03,S03-E05,2025-05-01,7.5,stock
SH000858,S03,S03-E02,2025-05-05,6.6,stock
SH000775,S02,S02-E10,2025-05-07,7.0,stock
SH000192,S01,S01-E05,2025-05-16,7.7,cashier
SH000784,S02,S02-E10,2025-05-17,5.9,stock
SH001790,S05,S05-E06,2025-05-22,6.4,manager
SH000336,S01,S01-E09,2025-04-28,6.4,manager
SH000252,S01,S01-E07,2025-04-19,6.8,stock
SH000645,S02,S02-E07,2025-04-21,8.0,cashier
SH001241,S04,S04-E01,2025-05-22,8.3,cashier
SH000465,S02,S02-E02,2025-05-24,6.1,manager
SH001103,S03,S03-E08,2025-04-12,7.9,cashier
SH000627,S02,S02-E06,2025-05-24,6.5,stock
SH001188,S03,S03-E10,2025-05-01,6.7,cashier
SH000424,S02,S02-E01,2025-05-24,6.8,manager
SH001132,S03,S03-E08,2025-05-27,7.6,cashier
SH001532,S04,S04-E10,2025-04-20,6.4,stock
SH000893,S03,S03-E03,2025-04-23,6.6,stock
SH001396,S04,S04-E06,2025-04-18,5.8,stock
SH001776,S05,S05-E06,2025-05-03,6.8,manager
SH000303,S01,S01-E08,2025-05-03,8.0,manager
SH001933,S05,S05-E10,2025-04-30,8.2,stock
SH000571,S02,S02-E05,2025-05-03,7.0,cashier
SH001063,S03,S03-E07,2025-04-21,6.1,cashier
SH001551,S04,S04-E10,2025-05-20,6.2,stock
SH000498,S02,S02-E03,2025-05-11,5.1,cashier
SH000341,S01,S01-E09,2025-05-05,6.3,manager
SH000678,S02,S02-E08,2025-04-08,5.5,stock
SH001889,S05,S05-E09,2025-04-23,6.8,cashier
SH000319,S01,S01-E08,2025-05-30,7.6,manager
SH001737,S05,S05-E05,2025-05-01,5.4,cashier
SH001225,S04,S04-E01,2025-04-24,5.7,cashier
SH000077,S01,S01-E02,2025-05-26,6.8,cashier
SH000794,S03,S03-E01,2025-04-08,7.2,manager
SH001046,S03,S03-E06,2025-05-24,6.8,stock
SH000899,S03,S03-E03,2025-04-30,8.3,stock
SH000730,S02,S02-E09,2025-04-23,5.7,cashier
SH001458,S04,S04-E08,2025-04-10,8.5,stock
SH001102,S03,S03-E08,2025-04-11,5.9,cashier
SH000052,S01,S01-E02,2025-04-18,8.4,cashier
SH001849,S05,S05-E08,2025-04-18,7.1,stock
SH001290,S04,S04-E03,2025-04-10,6.3,manager
SH000677,S02,S02-E08,2025-04-07,7.0,stock
SH000265,S01,S01-E07,2025-05-09,6.6,stock
SH000362,S01,S01-E10,2025-04-25,6.4,stock
SH000799,S03,S03-E01,2025-04-14,8.1,manager
SH000295,S01,S01-E08,2025-04-24,8.4,manager
SH000551,S02,S02-E04,2025-05-29,7.4,cashier
SH001726,S05,S05-E05,2025-04-14,7.2,cashier
SH001258,S04,S04-E02,2025-04-18,6.4,manager
SH001008,S03,S03-E05,2025-05-30,6.6,stock
SH000066,S01,S01-E02,2025-05-10,8.4,cashier
SH001831,S05,S05-E07,2025-05-24,6.7,stock
SH001254,S04,S04-E02,2025-04-12,6.6,manager
SH001430,S04,S04-E07,2025-04-21,8.7,stock
SH001766,S05,S05-E06,2025-04-19,6.7,manager
SH001691,S05,S05-E04,2025-04-26,8.3,cashier
SH000247,S01,S01-E07,2025-04-10,7.5,stock
SH000233,S01,S01-E06,2025-05-18,7.4,stock
SH000833,S03,S03-E01,2025-05-28,7.9,manager
SH000741,S02,S02-E09,2025-05-06,7.2,cashier
SH001022,S03,S03-E06,2025-04-24,7.9,stock
SH000163,S01,S01-E05,2025-04-10,6.8,cashier
SH000126,S01,S01-E04,2025-04-14,6.1,stock
SH000337,S01,S01-E09,2025-04-29,5.5,manager
SH000851,S03,S03-E02,2025-04-25,9.1,stock
SH000787,S02,S02-E10,2025-05-20,9.8,stock
SH000772,S02,S02-E10,2025-05-02,6.8,stock
SH001668,S05,S05-E03,2025-05-22,7.8,cashier
SH000586,S02,S02-E05,2025-05-22,7.5,cashier
SH001162,S03,S03-E09,2025-05-19,7.6,cashier
SH000872,S03,S03-E02,2025-05-24,7.4,stock
SH000901,S03,S03-E03,2025-05-02,7.1,stock
SH001974,S09,S09-E01,2025-04-10,7.4,cashier
SH000647,S02,S02-E07,2025-04-25,5.6,cashier
SH001126,S03,S03-E08,2025-05-16,6.2,cashier
SH000137,S01,S01-E04,2025-04-28,9.5,stock
SH000457,S02,S02-E02,2025-05-14,6.9,manager
SH000112,S01,S01-E03,2025-05-22,8.4,stock
SH000484,S02,S02-E03,2025-04-27,7.7,cashier
SH001972,S09,S09-E01,2025-04-19,6.0,cashier
SH000895,S03,S03-E03,2025-04-26,7.9,stock
SH000361,S01,S01-E10,2025-04-24,7.6,stock
SH000670,S02,S02-E07,2025-05-25,7.4,cashier
SH000719,S02,S02-E08,2025-06-01,8.6,stock
SH001146,S03,S03-E09,2025-04-22,4.3,cashier
SH001096,S03,S03-E07,2025-05-30,8.6,cashier
SH000420,S02,S02-E01,2025-05-20,7.1,manager
SH001152,S03,S03-E09,2025-05-04,6.8,cashier
SH001526,S04,S04-E10,2025-04-11,6.8,stock
SH000811,S03,S03-E01,2025-04-29,6.2,manager
SH000472,S02,S02-E03,2025-04-09,6.5,cashier
SH000479,S02,S02-E03,2025-04-20,6.1,cashier
SH000924,S03,S03-E03,2025-05-30,7.5,stock
SH000323,S01,S01-E09,2025-04-12,6.3,manager
SH001021,S03,S03-E06,2025-04-22,6.0,stock
SH000557,S02,S02-E05,2025-04-11,4.2,cashier
SH001759,S05,S05-E05,2025-05-30,7.6,cashier
SH000096,S01,S01-E03,2025-04-29,5.3,stock
SH000793,S03,S03-E01,2025-04-07,8.2,manager
SH001129,S03,S03-E08,2025-05-21,7.2,cashier
SH000902,S03,S03-E03,2025-05-03,6.4,stock
SH000949,S03,S03-E04,2025-05-04,6.5,manager
SH001360,S04,S04-E05,2025-04-10,7.2,stock
SH000432,S02,S02-E02,2025-04-10,4.6,manager
SH000391,S02,S02-E01,2025-04-12,7.4,manager
SH000271,S01,S01-E07,2025-05-15,7.2,stock
SH000440,S02,S02-E02,2025-04-23,7.3,manager
SH000437,S02,S02-E02,2025-04-18,5.2,manager
SH001111,S03,S03-E08,2025-04-25,8.2,cashier
SH001236,S04,S04-E01,2025-05-08,7.3,cashier
SH001319,S04,S04-E03,2025-05-26,9.0,manager
SH001622,S05,S05-E02,2025-05-07,8.4,manager
SH001758,S05,S05-E05,2025-05-29,6.6,cashier
SH000102,S01,S01-E03,2025-05-09,8.4,stock
SH000128,S01,S01-E04,2025-04-17,7.3,stock
SH001183,S03,S03-E10,2025-04-25,6.2,cashier
SH001847,S05,S05-E08,2025-04-16,7.2,stock
SH001657,S05,S05-E03,2025-05-04,7.3,cashier
SH001880,S05,S05-E09,2025-04-09,8.9,cashier
SH001181,S03,S03-E10,2025-04-23,7.1,cashier
SH001388,S04,S04-E05,2025-05-31,5.4,stock
SH001395,S04,S04-E06,2025-04-16,7.1,stock
SH001197,S03,S03-E10,2025-05-12,6.9,cashier
SH001411,S04,S04-E06,2025-05-11,9.1,stock
SH001502,S04,S04-E09,2025-04-28,7.9,cashier
SH001479,S04,S04-E08,2025-05-20,6.5,stock
SH001917,S05,S05-E10,2025-04-12,7.5,stock
SH001170,S03,S03-E09,2025-05-31,5.2,cashier
SH001598,S05,S05-E01,2025-05-24,7.5,cashier
SH001862,S05,S05-E08,2025-05-07,7.9,stock
SH000156,S01,S01-E04,2025-05-26,8.7,stock
SH001478,S04,S04-E08,2025-05-11,6.8,stock
SH001117,S03,S03-E08,2025-05-05,6.0,cashier
SH001626,S05,S05-E02,2025-05-13,7.9,manager
SH000774,S02,S02-E10,2025-05-05,7.8,stock
SH000057,S01,S01-E02,2025-04-27,8.4,cashier
SH000257,S01,S01-E07,2025-04-24,7.2,stock
SH000038,S01,S01-E01,2025-05-28,6.9,stock
SH001702,S05,S05-E04,2025-05-09,7.9,cashier
SH001738,S05,S05-E05,2025-05-02,7.9,cashier
SH001816,S05,S05-E07,2025-04-29,7.7,stock
SH001182,S03,S03-E10,2025-04-24,7.2,cashier
SH000408,S02,S02-E01,2025-05-06,6.7,manager
SH001335,S04,S04-E04,2025-04-24,6.4,stock
SH001572,S05,S05-E01,2025-04-18,7.3,cashier
SH001812,S05,S05-E07,2025-04-22,8.3,stock
SH000180,S01,S01-E05,2025-04-30,8.7,cashier
SH000417,S02,S02-E01,2025-05-15,7.4,manager
SH001087,S03,S03-E07,2025-05-19,7.2,cashier
SH001279,S04,S04-E02,2025-05-23,7.0,manager
SH000613,S02,S02-E06,2025-05-06,8.6,stock
SH000092,S01,S01-E03,2025-04-22,7.8,stock
SH000209,S01,S01-E06,2025-04-15,8.2,stock
SH001603,S05,S05-E02,2025-04-10,6.6,manager
SH001438,S04,S04-E07,2025-05-03,6.7,stock
SH000570,S02,S02-E05,2025-05-02,6.9,cashier
SH001070,S03,S03-E07,2025-04-30,6.3,cashier
SH000349,S01,S01-E09,2025-05-19,6.7,manager
SH001644,S05,S05-E03,2025-04-16,6.4,cashier
SH000919,S03,S03-E03,2025-05-24,6.0,stock
SH000236,S01,S01-E06,2025-05-21,5.9,stock
SH001619,S05,S05-E02,2025-05-02,7.4,manager
SH000664,S02,S02-E07,2025-05-18,8.0,cashier
SH001318,S04,S04-E03,2025-05-25,7.4,manager
SH000589,S02,S02-E05,2025-05-26,8.4,cashier
SH000044,S01,S01-E02,2025-04-09,6.5,cashier
SH000238,S01,S01-E06,2025-05-26,5.7,stock
SH000310,S01,S01-E08,2025-05-14,6.5,manager
SH001742,S05,S05-E05,2025-05-07,9.1,cashier
SH001228,S04,S04-E01,2025-04-28,6.9,cashier
SH001175,S03,S03-E10,2025-04-12,9.2,cashier
SH000313,S01,S01-E08,2025-05-22,4.6,manager
SH001453,S04,S04-E07,2025-05-31,7.7,stock
SH000334,S01,S01-E09,2025-04-25,7.9,manager
SH001850,S05,S05-E08,2025-04-19,8.1,stock
SH001609,S05,S05-E02,2025-04-16,8.0,manager
SH001549,S04,S04-E10,2025-05-10,7.3,stock
SH001923,S05,S05-E10,2025-04-19,6.4,stock
SH001168,S03,S03-E09,2025-05-29,7.9,cashier
SH001731,S05,S05-E05,2025-04-19,6.3,cashier
SH000917,S03,S03-E03,2025-05-22,6.0,stock
SH000653,S02,S02-E07,2025-05-03,7.3,cashier
SH000398,S02,S02-E01,2025-04-21,7.0,manager
SH000510,S02,S02-E03,2025-05-23,5.7,cashier
SH000572,S02,S02-E05,2025-05-04,8.2,cashier
SH001481,S04,S04-E08,2025-05-22,6.2,stock
SH000852,S03,S03-E02,2025-04-26,6.9,stock
SH001554,S04,S04-E10,2025-05-23,6.6,stock
SH000462,S02,S02-E02,2025-05-21,8.1,manager
SH000712,S02,S02-E08,2025-05-25,6.1,stock
SH001416,S04,S04-E06,2025-05-27,6.9,stock
SH000868,S03,S03-E02,2025-05-20,8.4,stock
SH000776,S02,S02-E10,2025-05-08,7.5,stock
SH001838,S05,S05-E07,2025-05-31,8.2,stock
SH001359,S04,S04-E05,2025-04-09,6.6,stock
SH000069,S01,S01-E02,2025-05-14,6.4,cashier
SH000940,S03,S03-E04,2025-04-22,6.7,manager
SH000875,S03,S03-E02,2025-05-27,6.4,stock
SH001538,S04,S04-E10,2025-04-28,7.3,stock
SH001001,S03,S03-E05,2025-05-18,6.2,stock
SH000808,S03,S03-E01,2025-04-25,6.4,manager
SH001848,S05,S05-E08,2025-04-17,9.0,stock
SH001045,S03,S03-E06,2025-05-23,5.9,stock
SH000009,S01,S01-E01,2025-04-22,8.0,stock
SH000368,S01,S01-E10,2025-05-02,8.8,stock
SH000258,S01,S01-E07,2025-04-25,6.5,stock
SH001713,S05,S05-E04,2025-05-25,6.4,cashier
SH000900,S03,S03-E03,2025-05-01,7.9,stock
SH000283,S01,S01-E08,2025-04-07,6.2,manager
SH001230,S04,S04-E01,2025-04-30,7.5,cashier
SH001585,S05,S05-E01,2025-05-09,6.3,cashier
SH001938,S05,S05-E10,2025-05-05,7.6,stock
SH000093,S01,S01-E03,2025-04-24,5.1,stock
SH000753,S02,S02-E09,2025-05-24,6.5,cashier
SH001441,S04,S04-E07,2025-05-09,7.2,stock
SH000165,S01,S01-E05,2025-04-12,7.2,cashier
SH000509,S02,S02-E03,2025-05-22,5.9,cashier
SH000119,S01,S01-E03,2025-05-31,5.7,stock
SH000318,S01,S01-E08,2025-05-28,6.9,manager
SH000070,S01,S01-E02,2025-05-15,7.2,cashier
SH001054,S03,S03-E07,2025-04-08,6.9,cashier
SH001065,S03,S03-E07,2025-04-24,6.6,cashier
SH001940,S05,S05-E10,2025-05-08,7.5,stock
SH001806,S05,S05-E07,2025-04-14,7.5,stock
SH001169,S03,S03-E09,2025-05-30,4.1,cashier
SH000056,S01,S01-E02,2025-04-26,5.5,cashier
SH000183,S01,S01-E05,2025-05-03,6.5,cashier
SH000881,S03,S03-E03,2025-04-07,7.0,stock
SH000814,S03,S03-E01,2025-05-02,6.9,manager
SH000289,S01,S01-E08,2025-04-17,7.0,manager
SH001975,S09,S09-E01,2025-05-06,7.1,cashier
SH000478,S02,S02-E03,2025-04-19,8.3,cashier
SH001266,S04,S04-E02,2025-04-30,6.3,manager
SH001507,S04,S04-E09,2025-05-05,7.4,cashier
SH000634,S02,S02-E07,2025-04-07,7.0,cashier
SH000106,S01,S01-E03,2025-05-14,7.0,stock
SH001027,S03,S03-E06,2025-04-29,5.5,stock
SH000584,S02,S02-E05,2025-05-19,7.9,cashier
SH000219,S01,S01-E06,2025-04-30,7.9,stock
SH001252,S04,S04-E02,2025-04-09,6.0,manager
SH001558,S04,S04-E10,2025-05-28,6.5,stock
SH001765,S05,S05-E06,2025-04-18,7.5,manager
SH001477,S04,S04-E08,2025-05-10,6.2,stock
SH000689,S02,S02-E08,2025-04-19,5.2,stock
SH000194,S01,S01-E05,2025-05-21,6.2,cashier
SH000357,S01,S01-E10,2025-04-18,6.8,stock
SH001433,S04,S04-E07,2025-04-26,7.5,stock
SH001867,S05,S05-E08,2025-05-15,6.1,stock
SH000040,S01,S01-E01,2025-05-30,6.2,stock
SH000580,S02,S02-E05,2025-05-14,5.3,cashier
SH001485,S04,S04-E08,2025-05-29,6.9,stock
SH001908,S05,S05-E09,2025-05-20,7.4,cashier
SH001012,S03,S03-E06,2025-04-09,5.6,stock
SH000063,S01,S01-E02,2025-05-07,5.9,cashier
SH000853,S03,S03-E02,2025-04-28,6.3,stock
SH001964,S03,S03-TEMP03,2025-05-11,4.8,temp
SH001156,S03,S03-E09,2025-05-12,7.2,cashier
SH000554,S02,S02-E04,2025-06-01,6.5,cashier
SH001667,S05,S05-E03,2025-05-21,7.4,cashier
SH000014,S01,S01-E01,2025-04-27,5.9,stock
SH001976,S09,S09-E01,2025-04-17,6.8,cashier
SH001525,S04,S04-E10,2025-04-10,8.0,stock
SH001595,S05,S05-E01,2025-05-21,6.6,cashier
SH001689,S05,S05-E04,2025-04-24,8.2,cashier
SH000623,S02,S02-E06,2025-05-19,6.5,stock
SH001855,S05,S05-E08,2025-04-28,5.3,stock
SH001579,S05,S05-E01,2025-04-30,7.8,cashier
SH000431,S02,S02-E02,2025-04-07,6.4,manager
SH001968,S09,S09-E01,2025-05-10,6.6,cashier
SH000688,S02,S02-E08,2025-04-18,8.4,stock
SH000706,S02,S02-E08,2025-05-19,8.3,stock
SH000210,S01,S01-E06,2025-04-17,7.5,stock
SH001663,S05,S05-E03,2025-05-11,7.8,cashier
SH001709,S05,S05-E04,2025-05-21,5.8,cashier
SH001763,S05,S05-E06,2025-04-16,6.1,manager
SH000838,S03,S03-E02,2025-04-08,7.7,stock
SH001563,S05,S05-E01,2025-04-08,5.0,cashier
SH001612,S05,S05-E02,2025-04-19,6.5,manager
SH000376,S01,S01-E10,2025-05-15,6.0,stock
SH000711,S02,S02-E08,2025-05-24,6.8,stock
SH001744,S05,S05-E05,2025-05-10,5.6,cashier
SH000922,S03,S03-E03,2025-05-27,6.0,stock
SH001202,S03,S03-E10,2025-05-18,7.0,cashier
SH000264,S01,S01-E07,2025-05-08,5.8,stock
SH000742,S02,S02-E09,2025-05-08,8.5,cashier
SH000674,S02,S02-E07,2025-05-29,5.6,cashier
SH000239,S01,S01-E06,2025-05-27,6.6,stock
SH000999,S03,S03-E05,2025-05-15,7.5,stock
SH001277,S04,S04-E02,2025-05-21,4.7,manager
SH001235,S04,S04-E01,2025-05-06,6.6,cashier
SH000690,S02,S02-E08,2025-04-22,7.6,stock
SH000477,S02,S02-E03,2025-04-18,7.7,cashier
SH001417,S04,S04-E06,2025-05-29,7.4,stock
SH000995,S03,S03-E05,2025-05-10,6.4,stock
SH001943,S05,S05-E10,2025-05-11,6.6,stock
SH000595,S02,S02-E06,2025-04-08,7.5,stock
SH001932,S05,S05-E10,2025-04-29,6.5,stock
SH001805,S05,S05-E07,2025-04-13,8.7,stock
SH000807,S03,S03-E01,2025-04-23,8.7,manager
SH001356,S04,S04-E04,2025-06-01,6.7,stock
SH000543,S02,S02-E04,2025-05-14,7.0,cashier
SH001669,S05,S05-E03,2025-05-23,5.8,cashier
SH001211,S03,S03-E10,2025-05-31,7.0,cashier
SH001115,S03,S03-E08,2025-05-01,8.5,cashier
SH001617,S05,S05-E02,2025-04-29,8.4,manager
SH000089,S01,S01-E03,2025-04-18,6.9,stock
SH001265,S04,S04-E02,2025-04-29,8.5,manager
SH001399,S04,S04-E06,2025-04-22,6.9,stock
SH001408,S04,S04-E06,2025-05-06,7.2,stock
SH000008,S01,S01-E01,2025-04-21,8.0,stock
SH000745,S02,S02-E09,2025-05-11,6.7,cashier
SH001204,S03,S03-E10,2025-05-22,6.0,cashier
SH000253,S01,S01-E07,2025-04-20,8.1,stock
SH001535,S04,S04-E10,2025-04-25,8.8,stock
SH000815,S03,S03-E01,2025-05-03,6.9,manager
SH000675,S02,S02-E07,2025-05-31,6.4,cashier
SH001537,S04,S04-E10,2025-04-27,6.1,stock
SH000404,S02,S02-E01,2025-04-30,6.5,manager
SH000422,S02,S02-E01,2025-05-22,6.9,manager
SH001690,S05,S05-E04,2025-04-25,7.7,cashier
SH000921,S03,S03-E03,2025-05-26,6.9,stock
SH001509,S04,S04-E09,2025-05-07,7.3,cashier
SH000740,S02,S02-E09,2025-05-04,4.9,cashier
SH001809,S05,S05-E07,2025-04-19,6.2,stock
SH001159,S03,S03-E09,2025-05-16,7.9,cashier
SH000353,S01,S01-E09,2025-05-29,6.1,manager
SH001541,S04,S04-E10,2025-05-01,7.1,stock
SH000486,S02,S02-E03,2025-04-29,6.3,cashier
SH001143,S03,S03-E09,2025-04-19,7.3,cashier
SH001793,S05,S05-E06,2025-05-25,8.0,manager
SH000456,S02,S02-E02,2025-05-13,5.8,manager
SH001864,S05,S05-E08,2025-05-10,6.6,stock
SH001769,S05,S05-E06,2025-04-22,6.3,manager
SH001226,S04,S04-E01,2025-04-26,6.2,cashier
SH000747,S02,S02-E09,2025-05-15,4.6,cashier
SH000889,S03,S03-E03,2025-04-19,7.6,stock
SH000387,S02,S02-E01,2025-04-07,7.4,manager
SH000499,S02,S02-E03,2025-05-12,7.1,cashier
SH001823,S05,S05-E07,2025-05-11,6.7,stock
SH001965,S03,S03-TEMP04,2025-05-11,5.2,temp
SH001491,S04,S04-E09,2025-04-11,5.3,cashier
SH001942,S05,S05-E10,2025-05-10,7.9,stock
SH001195,S03,S03-E10,2025-05-09,7.3,cashier
SH001560,S04,S04-E10,2025-05-31,6.2,stock
SH000013,S01,S01-E01,2025-04-26,7.5,stock
SH000224,S01,S01-E06,2025-05-06,8.1,stock
SH000824,S03,S03-E01,2025-05-14,7.2,manager
SH000354,S01,S01-E09,2025-05-30,7.9,manager
SH000866,S03,S03-E02,2025-05-18,7.5,stock
SH000188,S01,S01-E05,2025-05-09,4.8,cashier
SH001735,S05,S05-E05,2025-04-29,6.6,cashier
SH001187,S03,S03-E10,2025-04-30,5.5,cashier
SH000912,S03,S03-E03,2025-05-16,6.0,stock
SH001676,S05,S05-E04,2025-04-10,5.9,cashier
SH000383,S01,S01-E10,2025-05-27,8.2,stock
SH000952,S03,S03-E04,2025-05-07,6.5,manager
SH001292,S04,S04-E03,2025-04-12,6.4,manager
SH000861,S03,S03-E02,2025-05-08,6.7,stock
SH000021,S01,S01-E01,2025-05-05,7.1,stock
SH001829,S05,S05-E07,2025-05-21,7.6,stock
SH001059,S03,S03-E07,2025-04-17,5.9,cashier
SH001672,S05,S05-E03,2025-05-26,7.7,cashier
SH000152,S01,S01-E04,2025-05-22,7.1,stock
SH001144,S03,S03-E09,2025-04-20,8.4,cashier
SH000237,S01,S01-E06,2025-05-25,6.0,stock
SH001891,S05,S05-E09,2025-04-25,6.0,cashier
SH000248,S01,S01-E07,2025-04-11,4.9,stock
SH001960,S03,S03-TEMP03,2025-05-10,6.0,temp
SH001180,S03,S03-E10,2025-04-22,8.7,cashier
SH001348,S04,S04-E04,2025-05-19,7.3,stock
SH000790,S02,S02-E10,2025-05-25,6.9,stock
SH001885,S05,S05-E09,2025-04-17,7.6,cashier
SH001060,S03,S03-E07,2025-04-18,6.5,cashier
SH000097,S01,S01-E03,2025-05-01,6.4,stock
SH001423,S04,S04-E07,2025-04-11,7.1,stock
SH000042,S01,S01-E01,2025-06-01,7.2,stock
SH001890,S05,S05-E09,2025-04-24,5.8,cashier
SH001921,S05,S05-E10,2025-04-17,6.3,stock
SH000849,S03,S03-E02,2025-04-22,7.3,stock
SH001757,S05,S05-E05,2025-05-28,8.2,cashier
SH000629,S02,S02-E06,2025-05-27,8.0,stock
SH001768,S05,S05-E06,2025-04-21,7.8,manager
SH001599,S05,S05-E01,2025-05-25,6.0,cashier
SH001283,S04,S04-E02,2025-05-28,7.6,manager
SH000736,S02,S02-E09,2025-04-30,5.8,cashier
SH001736,S05,S05-E05,2025-04-30,8.3,cashier
SH001338,S04,S04-E04,2025-04-27,8.1,stock
SH001861,S05,S05-E08,2025-05-06,6.2,stock
SH001191,S03,S03-E10,2025-05-04,5.9,cashier
SH001041,S03,S03-E06,2025-05-17,4.6,stock
SH001581,S05,S05-E01,2025-05-03,5.5,cashier
SH000491,S02,S02-E03,2025-05-04,6.9,cashier
SH001803,S05,S05-E07,2025-04-11,7.6,stock
SH001489,S04,S04-E09,2025-04-09,6.9,cashier
SH001950,S05,S05-E10,2025-05-24,7.3,stock
SH001293,S04,S04-E03,2025-04-14,6.2,manager
SH001296,S04,S04-E03,2025-04-18,7.6,manager
SH000359,S01,S01-E10,2025-04-21,5.4,stock
SH001811,S05,S05-E07,2025-04-21,5.6,stock
SH000463,S02,S02-E02,2025-05-22,6.9,manager
SH000149,S01,S01-E04,2025-05-17,7.4,stock
SH000311,S01,S01-E08,2025-05-16,5.7,manager
SH000704,S02,S02-E08,2025-05-17,7.3,stock
SH000932,S03,S03-E04,2025-04-14,7.6,manager
SH000680,S02,S02-E08,2025-04-10,5.1,stock
SH000344,S01,S01-E09,2025-05-10,6.6,manager
SH000198,S01,S01-E05,2025-05-26,6.6,cashier
SH000937,S03,S03-E04,2025-04-19,6.6,manager
SH000346,S01,S01-E09,2025-05-12,7.7,manager
SH001385,S04,S04-E05,2025-05-25,6.7,stock
SH001309,S04,S04-E03,2025-05-06,7.2,manager
SH000074,S01,S01-E02,2025-05-21,5.1,cashier
SH001877,S05,S05-E08,2025-05-31,8.2,stock
SH001934,S05,S05-E10,2025-05-01,5.9,stock
SH000454,S02,S02-E02,2025-05-11,5.0,manager
SH001704,S05,S05-E04,2025-05-11,7.6,cashier
SH001561,S04,S04-E10,2025-06-01,8.8,stock
SH001461,S04,S04-E08,2025-04-16,6.6,stock
SH000975,S03,S03-E05,2025-04-17,5.7,stock
SH000429,S02,S02-E01,2025-05-31,4.5,manager
SH000384,S01,S01-E10,2025-05-28,6.0,stock
SH001261,S04,S04-E02,2025-04-21,7.3,manager
SH001499,S04,S04-E09,2025-04-21,6.1,cashier
SH000308,S01,S01-E08,2025-05-09,4.6,manager
SH000448,S02,S02-E02,2025-05-03,6.4,manager
SH001925,S05,S05-E10,2025-04-21,7.6,stock
SH001393,S04,S04-E06,2025-04-14,9.0,stock
SH000397,S02,S02-E01,2025-04-18,8.2,manager
SH001295,S04,S04-E03,2025-04-17,5.0,manager
SH000073,S01,S01-E02,2025-05-19,7.2,cashier
SH001299,S04,S04-E03,2025-04-22,8.1,manager
SH001782,S05,S05-E06,2025-05-09,8.3,manager
SH000585,S02,S02-E05,2025-05-21,5.5,cashier
SH001013,S03,S03-E06,2025-04-10,7.0,stock
SH000439,S02,S02-E02,2025-04-21,7.1,manager
SH000080,S01,S01-E02,2025-05-29,7.4,cashier
SH000302,S01,S01-E08,2025-05-01,7.4,manager
SH000256,S01,S01-E07,2025-04-23,7.3,stock
SH000343,S01,S01-E09,2025-05-08,5.3,manager
SH001038,S03,S03-E06,2025-05-14,7.8,stock
SH001036,S03,S03-E06,2025-05-12,5.8,stock
SH001858,S05,S05-E08,2025-05-03,5.6,stock
SH001369,S04,S04-E05,2025-04-27,4.8,stock
SH000062,S01,S01-E02,2025-05-04,8.5,cashier
SH001378,S04,S04-E05,2025-05-08,5.1,stock
SH001512,S04,S04-E09,2025-05-19,5.8,cashier
SH000816,S03,S03-E01,2025-05-04,6.8,manager
SH000707,S02,S02-E08,2025-05-20,7.7,stock
SH000121,S01,S01-E04,2025-04-08,7.1,stock
SH000400,S02,S02-E01,2025-04-23,7.4,manager
SH000122,S01,S01-E04,2025-04-09,7.2,stock
SH000055,S01,S01-E02,2025-04-25,6.5,cashier
SH000931,S03,S03-E04,2025-04-13,7.6,manager
SH001403,S04,S04-E06,2025-04-28,8.3,stock
SH001177,S03,S03-E10,2025-04-17,7.3,cashier
SH000493,S02,S02-E03,2025-05-06,6.8,cashier
SH000658,S02,S02-E07,2025-05-11,6.2,cashier
SH000181,S01,S01-E05,2025-05-01,5.9,cashier
SH000806,S03,S03-E01,2025-04-22,8.3,manager
SH001336,S04,S04-E04,2025-04-25,7.9,stock
SH001826,S05,S05-E07,2025-05-17,7.8,stock
SH001655,S05,S05-E03,2025-05-02,8.4,cashier
SH001801,S05,S05-E07,2025-04-09,9.3,stock
SH000170,S01,S01-E05,2025-04-18,8.8,cashier
SH001664,S05,S05-E03,2025-05-12,7.1,cashier
SH000054,S01,S01-E02,2025-04-24,6.9,cashier
SH000530,S02,S02-E04,2025-04-26,6.6,cashier
SH000587,S02,S02-E05,2025-05-23,6.6,cashier
SH000825,S03,S03-E01,2025-05-15,5.8,manager
SH000132,S01,S01-E04,2025-04-22,6.2,stock
SH000495,S02,S02-E03,2025-05-08,5.0,cashier
SH001773,S05,S05-E06,2025-04-30,6.9,manager
SH001434,S04,S04-E07,2025-04-27,7.6,stock
SH000155,S01,S01-E04,2025-05-25,7.3,stock
SH001466,S04,S04-E08,2025-04-27,6.1,stock
SH001524,S04,S04-E10,2025-04-09,7.1,stock
SH001047,S03,S03-E06,2025-05-26,7.4,stock
SH001050,S03,S03-E06,2025-05-29,8.1,stock
SH000037,S01,S01-E01,2025-05-27,7.8,stock
SH001953,S05,S05-E10,2025-05-28,5.9,stock
SH000212,S01,S01-E06,2025-04-19,5.8,stock
SH001888,S05,S05-E09,2025-04-22,5.3,cashier
SH000428,S02,S02-E01,2025-05-30,7.5,manager
SH001725,S05,S05-E05,2025-04-13,5.7,cashier
SH000101,S01,S01-E03,2025-05-07,7.1,stock
SH001962,S03,S03-TEMP01,2025-05-11,6.1,temp
SH001513,S04,S04-E09,2025-05-20,7.0,cashier
SH000602,S02,S02-E06,2025-04-19,7.4,stock
SH000906,S03,S03-E03,2025-05-07,7.5,stock
SH001328,S04,S04-E04,2025-04-13,9.8,stock
SH001337,S04,S04-E04,2025-04-26,7.4,stock
SH001506,S04,S04-E09,2025-05-04,6.5,cashier
SH000737,S02,S02-E09,2025-05-01,4.4,cashier
SH001710,S05,S05-E04,2025-05-22,7.3,cashier
SH001147,S03,S03-E09,2025-04-23,6.0,cashier
SH001649,S05,S05-E03,2025-04-24,5.9,cashier
SH000907,S03,S03-E03,2025-05-09,7.7,stock
SH001645,S05,S05-E03,2025-04-17,7.1,cashier
SH001199,S03,S03-E10,2025-05-14,7.6,cashier
SH000780,S02,S02-E10,2025-05-12,7.6,stock
SH000779,S02,S02-E10,2025-05-11,6.3,stock
SH000369,S01,S01-E10,2025-05-03,6.7,stock
SH000997,S03,S03-E05,2025-05-12,8.5,stock
SH001647,S05,S05-E03,2025-04-21,5.7,cashier
SH001642,S05,S05-E03,2025-04-12,5.8,cashier
SH000532,S02,S02-E04,2025-04-28,6.6,cashier
SH001883,S05,S05-E09,2025-04-13,6.5,cashier
SH000043,S01,S01-E02,2025-04-08,5.6,cashier
SH001107,S03,S03-E08,2025-04-19,6.0,cashier
SH001246,S04,S04-E01,2025-05-28,7.9,cashier
SH001431,S04,S04-E07,2025-04-22,6.3,stock
SH000758,S02,S02-E09,2025-05-31,6.0,cashier
SH001075,S03,S03-E07,2025-05-06,8.4,cashier
SH001079,S03,S03-E07,2025-05-10,8.0,cashier
SH001580,S05,S05-E01,2025-05-01,4.9,cashier
SH000792,S02,S02-E10,2025-05-31,5.7,stock
SH001134,S03,S03-E08,2025-05-30,7.6,cashier
SH001401,S04,S04-E06,2025-04-24,7.8,stock
SH000127,S01,S01-E04,2025-04-15,6.9,stock
SH001444,S04,S04-E07,2025-05-19,6.9,stock
SH000767,S02,S02-E10,2025-04-20,6.9,stock
SH000125,S01,S01-E04,2025-04-12,5.6,stock
SH000206,S01,S01-E06,2025-04-09,7.0,stock
SH000325,S01,S01-E09,2025-04-15,4.8,manager
SH000720,S02,S02-E09,2025-04-07,8.5,cashier
SH000377,S01,S01-E10,2025-05-17,7.3,stock
SH000356,S01,S01-E10,2025-04-16,9.3,stock
SH000087,S01,S01-E03,2025-04-15,7.5,stock
SH001173,S03,S03-E10,2025-04-10,6.8,cashier
SH000559,S02,S02-E05,2025-04-15,7.0,cashier
SH000058,S01,S01-E02,2025-04-28,6.9,cashier
SH001876,S05,S05-E08,2025-05-29,4.9,stock
SH001085,S03,S03-E07,2025-05-17,7.1,cashier
SH000676,S02,S02-E07,2025-06-01,6.5,cashier
SH001073,S03,S03-E07,2025-05-04,5.7,cashier
SH001315,S04,S04-E03,2025-05-22,6.9,manager
SH000010,S01,S01-E01,2025-04-23,6.2,stock
SH001250,S04,S04-E02,2025-04-07,8.0,manager
SH001820,S05,S05-E07,2025-05-07,6.5,stock
SH001652,S05,S05-E03,2025-04-28,6.6,cashier
SH000556,S02,S02-E05,2025-04-10,6.8,cashier
SH000159,S01,S01-E04,2025-05-29,7.7,stock
SH001503,S04,S04-E09,2025-04-29,7.8,cashier
SH001412,S04,S04-E06,2025-05-21,7.5,stock
SH001080,S03,S03-E07,2025-05-11,6.5,cashier
SH000985,S03,S03-E05,2025-04-30,6.0,stock
SH000575,S02,S02-E05,2025-05-08,8.3,cashier
SH000731,S02,S02-E09,2025-04-24,7.5,cashier
SH001108,S03,S03-E08,2025-04-20,7.3,cashier
SH001105,S03,S03-E08,2025-04-15,7.9,cashier
SH001349,S04,S04-E04,2025-05-22,7.3,stock
SH001494,S04,S04-E09,2025-04-16,6.6,cashier
SH000744,S02,S02-E09,2025-05-10,5.3,cashier
SH001178,S03,S03-E10,2025-04-20,9.8,cashier
SH001493,S04,S04-E09,2025-04-14,7.4,cashier
SH000942,S03,S03-E04,2025-04-25,7.5,manager
SH001705,S05,S05-E04,2025-05-15,8.3,cashier
SH001783,S05,S05-E06,2025-05-12,8.0,manager
SH001729,S05,S05-E05,2025-04-17,5.8,cashier
SH000898,S03,S03-E03,2025-04-29,8.1,stock
SH001762,S05,S05-E06,2025-04-13,7.4,manager
SH000630,S02,S02-E06,2025-05-28,7.0,stock
SH000536,S02,S02-E04,2025-05-02,7.7,cashier
SH001914,S05,S05-E10,2025-04-07,7.5,stock
SH001516,S04,S04-E09,2025-05-23,8.1,cashier
SH000407,S02,S02-E01,2025-05-05,8.4,manager
SH001685,S05,S05-E04,2025-04-19,7.5,cashier
SH000569,S02,S02-E05,2025-04-29,6.6,cashier
SH001750,S05,S05-E05,2025-05-20,7.9,cashier
SH000527,S02,S02-E04,2025-04-21,5.2,cashier
SH000583,S02,S02-E05,2025-05-18,8.1,cashier
SH001066,S03,S03-E07,2025-04-25,8.3,cashier
SH001756,S05,S05-E05,2025-05-27,6.3,cashier
SH001048,S03,S03-E06,2025-05-27,6.9,stock
SH000679,S02,S02-E08,2025-04-09,6.7,stock
SH000685,S02,S02-E08,2025-04-15,6.5,stock
SH000821,S03,S03-E01,2025-05-11,7.1,manager
SH000873,S03,S03-E02,2025-05-25,5.4,stock
SH001351,S04,S04-E04,2025-05-25,7.6,stock
SH001057,S03,S03-E07,2025-04-14,8.9,cashier
SH000812,S03,S03-E01,2025-04-30,8.1,manager
SH001389,S04,S04-E06,2025-04-08,7.8,stock
SH000246,S01,S01-E07,2025-04-09,6.6,stock
SH001621,S05,S05-E02,2025-05-04,5.8,manager
SH001575,S05,S05-E01,2025-04-25,6.3,cashier
SH001219,S04,S04-E01,2025-04-17,7.7,cashier
SH000544,S02,S02-E04,2025-05-16,7.7,cashier
SH001089,S03,S03-E07,2025-05-21,7.5,cashier
SH001789,S05,S05-E06,2025-05-20,6.5,manager
SH001384,S04,S04-E05,2025-05-23,5.6,stock
SH000770,S02,S02-E10,2025-04-24,7.3,stock
SH001355,S04,S04-E04,2025-05-31,3.9,stock
SH001471,S04,S04-E08,2025-05-02,8.3,stock
SH000568,S02,S02-E05,2025-04-28,7.6,cashier
SH000538,S02,S02-E04,2025-05-04,6.6,cashier
SH001881,S05,S05-E09,2025-04-11,6.9,cashier
SH001600,S05,S05-E01,2025-05-27,7.3,cashier
SH000795,S03,S03-E01,2025-04-09,5.7,manager
SH000555,S02,S02-E05,2025-04-09,5.9,cashier
SH000147,S01,S01-E04,2025-05-15,3.3,stock
SH000992,S03,S03-E05,2025-05-07,7.5,stock
SH000783,S02,S02-E10,2025-05-16,8.3,stock
SH001030,S03,S03-E06,2025-05-03,7.9,stock
SH000642,S02,S02-E07,2025-04-17,7.4,cashier
SH001487,S04,S04-E08,2025-05-31,9.4,stock
SH000941,S03,S03-E04,2025-04-23,7.2,manager
SH000599,S02,S02-E06,2025-04-13,6.2,stock
SH001120,S03,S03-E08,2025-05-08,5.5,cashier
SH001042,S03,S03-E06,2025-05-19,7.5,stock
SH001061,S03,S03-E07,2025-04-19,6.0,cashier
SH000131,S01,S01-E04,2025-04-21,7.8,stock
SH001426,S04,S04-E07,2025-04-14,8.4,stock
SH000651,S02,S02-E07,2025-04-30,6.5,cashier
SH000733,S02,S02-E09,2025-04-26,6.1,cashier
SH000144,S01,S01-E04,2025-05-12,7.9,stock
SH001582,S05,S05-E01,2025-05-04,6.8,cashier
SH000129,S01,S01-E04,2025-04-18,7.2,stock
SH001128,S03,S03-E08,2025-05-19,6.1,cashier
SH000600,S02,S02-E06,2025-04-14,6.4,stock
SH000496,S02,S02-E03,2025-05-09,7.7,cashier
SH000608,S02,S02-E06,2025-04-27,8.2,stock
SH001653,S05,S05-E03,2025-04-29,5.2,cashier
SH001724,S05,S05-E05,2025-04-12,7.3,cashier
SH000553,S02,S02-E04,2025-05-31,7.7,cashier
SH001407,S04,S04-E06,2025-05-05,8.5,stock
SH001003,S03,S03-E05,2025-05-22,6.8,stock
SH000304,S01,S01-E08,2025-05-04,5.6,manager
SH000517,S02,S02-E04,2025-04-08,6.3,cashier
SH001675,S05,S05-E04,2025-04-08,7.7,cashier
SH001906,S05,S05-E09,2025-05-14,6.1,cashier
SH000854,S03,S03-E02,2025-04-29,8.4,stock
SH001623,S05,S05-E02,2025-05-08,6.5,manager
SH001887,S05,S05-E09,2025-04-20,7.4,cashier
SH001597,S05,S05-E01,2025-05-23,6.7,cashier
SH001482,S04,S04-E08,2025-05-25,7.3,stock
SH000435,S02,S02-E02,2025-04-14,5.6,manager
SH001007,S03,S03-E05,2025-05-29,8.4,stock
SH000962,S03,S03-E04,2025-05-22,6.7,manager
SH000944,S03,S03-E04,2025-04-27,7.1,manager
SH001747,S05,S05-E05,2025-05-16,8.6,cashier
SH000355,S01,S01-E10,2025-04-11,7.7,stock
SH000214,S01,S01-E06,2025-04-22,5.9,stock
SH000213,S01,S01-E06,2025-04-21,6.7,stock
SH001053,S03,S03-E07,2025-04-07,5.9,cashier
SH001206,S03,S03-E10,2025-05-25,7.1,cashier
SH001049,S03,S03-E06,2025-05-28,9.3,stock
SH000399,S02,S02-E01,2025-04-22,5.9,manager
SH001844,S05,S05-E08,2025-04-13,7.1,stock
SH000065,S01,S01-E02,2025-05-09,6.7,cashier
SH001821,S05,S05-E07,2025-05-08,6.6,stock
SH000350,S01,S01-E09,2025-05-24,5.8,manager
SH001924,S05,S05-E10,2025-04-20,6.3,stock
SH000039,S01,S01-E01,2025-05-29,6.8,stock
SH001468,S04,S04-E08,2025-04-29,6.8,stock
SH000535,S02,S02-E04,2025-05-01,7.1,cashier
SH001031,S03,S03-E06,2025-05-05,7.4,stock
SH000402,S02,S02-E01,2025-04-27,7.1,manager
SH000425,S02,S02-E01,2025-05-25,6.4,manager
SH000973,S03,S03-E05,2025-04-15,7.0,stock
SH001721,S05,S05-E05,2025-04-09,8.3,cashier
SH000714,S02,S02-E08,2025-05-27,7.0,stock
SH001440,S04,S04-E07,2025-05-08,6.9,stock
SH000185,S01,S01-E05,2025-05-05,7.5,cashier
SH000226,S01,S01-E06,2025-05-08,7.3,stock
SH000204,S01,S01-E06,2025-04-07,8.0,stock
SH000176,S01,S01-E05,2025-04-26,7.9,cashier
SH001200,S03,S03-E10,2025-05-15,7.5,cashier
SH000936,S03,S03-E04,2025-04-18,6.8,manager
SH000978,S03,S03-E05,2025-04-20,7.0,stock
SH001802,S05,S05-E07,2025-04-10,7.9,stock
SH000533,S02,S02-E04,2025-04-29,8.1,cashier
SH000124,S01,S01-E04,2025-04-11,5.4,stock
SH000988,S03,S03-E05,2025-05-03,6.8,stock
SH000990,S03,S03-E05,2025-05-05,6.8,stock
SH001743,S05,S05-E05,2025-05-08,6.5,cashier
SH001680,S05,S05-E04,2025-04-14,7.2,cashier
SH000395,S02,S02-E01,2025-04-16,5.8,manager
SH001490,S04,S04-E09,2025-04-10,8.8,cashier
SH000423,S02,S02-E01,2025-05-23,7.4,manager
SH000142,S01,S01-E04,2025-05-10,8.8,stock
SH001313,S04,S04-E03,2025-05-11,7.5,manager
SH000528,S02,S02-E04,2025-04-22,6.1,cashier
SH001839,S05,S05-E07,2025-06-01,6.4,stock
SH001900,S05,S05-E09,2025-05-08,5.6,cashier
SH001833,S05,S05-E07,2025-05-26,6.8,stock
SH001253,S04,S04-E02,2025-04-10,3.4,manager
SH001654,S05,S05-E03,2025-04-30,6.3,cashier
SH001778,S05,S05-E06,2025-05-05,6.4,manager
SH001350,S04,S04-E04,2025-05-23,6.1,stock
SH000273,S01,S01-E07,2025-05-19,6.2,stock
SH001215,S04,S04-E01,2025-04-12,9.6,cashier
SH001097,S03,S03-E07,2025-06-01,7.0,cashier
SH001196,S03,S03-E10,2025-05-11,8.6,cashier
SH000701,S02,S02-E08,2025-05-14,7.3,stock
SH001682,S05,S05-E04,2025-04-16,6.6,cashier
SH000945,S03,S03-E04,2025-04-28,6.9,manager
SH000333,S01,S01-E09,2025-04-24,8.3,manager
SH001556,S04,S04-E10,2025-05-26,8.7,stock
SH001307,S04,S04-E03,2025-05-03,6.6,manager
SH000628,S02,S02-E06,2025-05-25,6.4,stock
SH001683,S05,S05-E04,2025-04-17,7.7,cashier
SH000329,S01,S01-E09,2025-04-20,6.4,manager
SH001121,S03,S03-E08,2025-05-09,7.9,cashier
SH000060,S01,S01-E02,2025-05-01,4.1,cashier
SH001748,S05,S05-E05,2025-05-18,8.8,cashier
SH001234,S04,S04-E01,2025-05-05,7.1,cashier
SH000695,S02,S02-E08,2025-05-06,7.3,stock
SH000877,S03,S03-E02,2025-05-29,8.2,stock
SH000301,S01,S01-E08,2025-04-30,8.0,manager
SH000501,S02,S02-E03,2025-05-14,8.1,cashier
SH000175,S01,S01-E05,2025-04-25,6.5,cashier
SH001898,S05,S05-E09,2025-05-05,9.6,cashier
SH000617,S02,S02-E06,2025-05-11,6.2,stock
SH001813,S05,S05-E07,2025-04-26,6.1,stock
SH001287,S04,S04-E02,2025-06-01,5.9,manager
SH001723,S05,S05-E05,2025-04-11,7.2,cashier
SH001799,S05,S05-E07,2025-04-07,6.5,stock
SH000386,S01,S01-E10,2025-05-30,5.6,stock
SH001961,S03,S03-TEMP04,2025-05-10,6.3,temp
SH000534,S02,S02-E04,2025-04-30,9.2,cashier
SH000871,S03,S03-E02,2025-05-23,8.2,stock
SH000103,S01,S01-E03,2025-05-10,7.5,stock
SH000521,S02,S02-E04,2025-04-13,7.8,cashier
SH000959,S03,S03-E04,2025-05-18,7.2,manager
SH001074,S03,S03-E07,2025-05-05,7.9,cashier
SH001631,S05,S05-E02,2025-05-24,7.8,manager
SH001326,S04,S04-E04,2025-04-09,7.4,stock
SH000123,S01,S01-E04,2025-04-10,8.6,stock
SH001767,S05,S05-E06,2025-04-20,8.0,manager
SH000090,S01,S01-E03,2025-04-19,7.1,stock
SH000760,S02,S02-E10,2025-04-07,8.6,stock
SH001039,S03,S03-E06,2025-05-15,7.4,stock
SH001640,S05,S05-E03,2025-04-08,6.7,cashier
SH001745,S05,S05-E05,2025-05-13,8.1,cashier
SH001979,S09,S09-E01,2025-05-11,6.3,cashier
SH001026,S03,S03-E06,2025-04-28,6.0,stock
SH000032,S01,S01-E01,2025-05-19,6.8,stock
SH000480,S02,S02-E03,2025-04-21,7.3,cashier
SH000885,S03,S03-E03,2025-04-12,6.9,stock
SH001257,S04,S04-E02,2025-04-16,7.9,manager
SH001967,S09,S09-E01,2025-04-19,5.5,cashier
SH000891,S03,S03-E03,2025-04-21,5.1,stock
SH001614,S05,S05-E02,2025-04-25,6.7,manager
SH001868,S05,S05-E08,2025-05-18,6.7,stock
SH001278,S04,S04-E02,2025-05-22,7.4,manager
SH000601,S02,S02-E06,2025-04-16,5.0,stock
SH000133,S01,S01-E04,2025-04-23,7.3,stock
SH000452,S02,S02-E02,2025-05-09,7.0,manager
SH000561,S02,S02-E05,2025-04-17,8.1,cashier
SH000624,S02,S02-E06,2025-05-20,5.7,stock
SH001741,S05,S05-E05,2025-05-06,7.0,cashier
SH000048,S01,S01-E02,2025-04-13,8.1,cashier
SH001500,S04,S04-E09,2025-04-22,7.0,cashier
SH001386,S04,S04-E05,2025-05-28,7.6,stock
SH000105,S01,S01-E03,2025-05-12,6.4,stock
SH001593,S05,S05-E01,2025-05-18,5.7,cashier
SH001514,S04,S04-E09,2025-05-21,6.1,cashier
SH001437,S04,S04-E07,2025-05-01,6.9,stock
SH000882,S03,S03-E03,2025-04-08,6.8,stock
SH000203,S01,S01-E05,2025-06-01,7.3,cashier
SH001472,S04,S04-E08,2025-05-03,7.2,stock
SH000503,S02,S02-E03,2025-05-16,8.3,cashier
SH000281,S01,S01-E07,2025-05-30,8.4,stock
SH001949,S05,S05-E10,2025-05-23,7.3,stock
SH001515,S04,S04-E09,2025-05-22,7.0,cashier
SH000458,S02,S02-E02,2025-05-15,5.3,manager
SH001275,S04,S04-E02,2025-05-19,7.2,manager
SH000467,S02,S02-E02,2025-05-27,6.7,manager
SH001475,S04,S04-E08,2025-05-08,6.5,stock
SH000497,S02,S02-E03,2025-05-10,8.5,cashier
SH001203,S03,S03-E10,2025-05-21,5.5,cashier
SH000138,S01,S01-E04,2025-04-29,7.4,stock
SH000410,S02,S02-E01,2025-05-08,6.6,manager
SH001822,S05,S05-E07,2025-05-10,5.5,stock
SH001445,S04,S04-E07,2025-05-21,6.7,stock
SH000529,S02,S02-E04,2025-04-25,9.4,cashier
SH001818,S05,S05-E07,2025-05-03,8.3,stock
SH000516,S02,S02-E04,2025-04-07,5.9,cashier
SH001452,S04,S04-E07,2025-05-28,6.7,stock
SH001364,S04,S04-E05,2025-04-17,5.6,stock
SH001529,S04,S04-E10,2025-04-17,6.5,stock
SH000702,S02,S02-E08,2025-05-15,6.2,stock
SH000494,S02,S02-E03,2025-05-07,5.4,cashier
SH001116,S03,S03-E08,2025-05-02,6.3,cashier
SH000773,S02,S02-E10,2025-05-03,7.5,stock
SH001907,S05,S05-E09,2025-05-15,8.5,cashier
SH001004,S03,S03-E05,2025-05-24,6.6,stock
SH000957,S03,S03-E04,2025-05-15,7.2,manager
SH001874,S05,S05-E08,2025-05-27,8.5,stock
SH000433,S02,S02-E02,2025-04-11,7.5,manager
SH000789,S02,S02-E10,2025-05-22,7.8,stock
SH001828,S05,S05-E07,2025-05-20,7.8,stock
SH000370,S01,S01-E10,2025-05-05,8.5,stock
SH000051,S01,S01-E02,2025-04-17,7.0,cashier
SH001082,S03,S03-E07,2025-05-13,9.3,cashier
SH001732,S05,S05-E05,2025-04-20,6.4,cashier
SH000994,S03,S03-E05,2025-05-09,7.0,stock
SH001815,S05,S05-E07,2025-04-28,9.2,stock
SH001189,S03,S03-E10,2025-05-02,7.3,cashier
SH000240,S01,S01-E06,2025-05-29,8.2,stock
SH000378,S01,S01-E10,2025-05-18,8.4,stock
SH001334,S04,S04-E04,2025-04-23,7.9,stock
SH001435,S04,S04-E07,2025-04-29,8.4,stock
SH001596,S05,S05-E01,2025-05-22,8.3,cashier
SH001480,S04,S04-E08,2025-05-21,6.8,stock
SH001051,S03,S03-E06,2025-05-31,7.2,stock
SH001681,S05,S05-E04,2025-04-15,8.2,cashier
SH001474,S04,S04-E08,2025-05-07,8.9,stock
SH001562,S05,S05-E01,2025-04-07,7.0,cashier
SH001340,S04,S04-E04,2025-04-30,6.7,stock
SH001414,S04,S04-E06,2025-05-24,6.5,stock
SH001840,S05,S05-E08,2025-04-07,7.7,stock
SH000654,S02,S02-E07,2025-05-04,4.8,cashier
SH000934,S03,S03-E04,2025-04-16,7.9,manager
SH001353,S04,S04-E04,2025-05-28,6.4,stock
SH000316,S01,S01-E08,2025-05-25,6.9,manager
SH001693,S05,S05-E04,2025-04-28,4.2,cashier
SH001106,S03,S03-E08,2025-04-18,5.9,cashier
SH001155,S03,S03-E09,2025-05-11,7.8,cashier
SH001892,S05,S05-E09,2025-04-26,7.7,cashier
SH000245,S01,S01-E07,2025-04-08,5.5,stock
SH001834,S05,S05-E07,2025-05-27,8.0,stock
SH001198,S03,S03-E10,2025-05-13,7.3,cashier
SH001242,S04,S04-E01,2025-05-24,8.6,cashier
SH001456,S04,S04-E08,2025-04-08,8.0,stock
SH000598,S02,S02-E06,2025-04-12,6.5,stock
SH001281,S04,S04-E02,2025-05-25,5.2,manager
SH001798,S05,S05-E06,2025-06-01,8.1,manager
SH001684,S05,S05-E04,2025-04-18,7.5,cashier
SH000735,S02,S02-E09,2025-04-29,8.2,cashier
SH000933,S03,S03-E04,2025-04-15,6.7,manager
SH000191,S01,S01-E05,2025-05-14,6.1,cashier
SH001854,S05,S05-E08,2025-04-27,7.7,stock
SH000279,S01,S01-E07,2025-05-28,6.2,stock
SH000366,S01,S01-E10,2025-04-30,6.3,stock
SH001531,S04,S04-E10,2025-04-19,5.1,stock
SH001817,S05,S05-E07,2025-05-01,6.4,stock
SH001163,S03,S03-E09,2025-05-23,7.5,cashier
SH000504,S02,S02-E03,2025-05-17,8.3,cashier
SH001905,S05,S05-E09,2025-05-13,6.1,cashier
SH000468,S02,S02-E02,2025-05-29,8.2,manager
SH000167,S01,S01-E05,2025-04-15,7.2,cashier
SH000855,S03,S03-E02,2025-04-30,6.4,stock
SH001488,S04,S04-E09,2025-04-08,7.7,cashier
SH000500,S02,S02-E03,2025-05-13,6.8,cashier
SH001268,S04,S04-E02,2025-05-02,7.9,manager
SH001930,S05,S05-E10,2025-04-27,6.9,stock
SH000263,S01,S01-E07,2025-05-06,6.9,stock
SH001660,S05,S05-E03,2025-05-07,8.3,cashier
SH001019,S03,S03-E06,2025-04-19,6.7,stock
SH001954,S05,S05-E10,2025-05-29,7.3,stock
SH000328,S01,S01-E09,2025-04-19,6.3,manager
SH000430,S02,S02-E01,2025-06-01,8.5,manager
SH000626,S02,S02-E06,2025-05-22,7.6,stock
SH001280,S04,S04-E02,2025-05-24,8.4,manager
SH000537,S02,S02-E04,2025-05-03,6.4,cashier
SH000306,S01,S01-E08,2025-05-07,7.5,manager
SH001238,S04,S04-E01,2025-05-19,8.4,cashier
SH000345,S01,S01-E09,2025-05-11,8.8,manager
SH001915,S05,S05-E10,2025-04-10,7.0,stock
SH001716,S05,S05-E04,2025-05-29,8.4,cashier
SH001145,S03,S03-E09,2025-04-21,6.6,cashier
SH000390,S02,S02-E01,2025-04-11,7.0,manager
SH001508,S04,S04-E09,2025-05-06,6.2,cashier
SH000488,S02,S02-E03,2025-05-01,7.8,cashier
SH000374,S01,S01-E10,2025-05-09,6.4,stock
SH000693,S02,S02-E08,2025-04-29,6.8,stock
SH000803,S03,S03-E01,2025-04-19,5.3,manager
SH001559,S04,S04-E10,2025-05-29,4.9,stock
SH001339,S04,S04-E04,2025-04-29,8.0,stock
SH000845,S03,S03-E02,2025-04-16,7.9,stock
SH001321,S04,S04-E03,2025-05-28,6.9,manager
SH000012,S01,S01-E01,2025-04-25,6.6,stock
SH000413,S02,S02-E01,2025-05-11,5.6,manager
SH001305,S04,S04-E03,2025-04-28,6.2,manager
SH000659,S02,S02-E07,2025-05-12,7.0,cashier
SH000002,S01,S01-E01,2025-04-09,7.2,stock
SH000076,S01,S01-E02,2025-05-25,6.4,cashier
SH001014,S03,S03-E06,2025-04-11,5.7,stock
SH001495,S04,S04-E09,2025-04-17,7.1,cashier
SH001164,S03,S03-E09,2025-05-24,8.7,cashier
SH001428,S04,S04-E07,2025-04-18,5.8,stock
SH000150,S01,S01-E04,2025-05-18,5.1,stock
SH000916,S03,S03-E03,2025-05-21,5.9,stock
SH001185,S03,S03-E10,2025-04-28,7.4,cashier
SH000771,S02,S02-E10,2025-04-28,7.5,stock
SH001845,S05,S05-E08,2025-04-14,7.0,stock
SH000844,S03,S03-E02,2025-04-15,6.6,stock
SH001866,S05,S05-E08,2025-05-14,8.1,stock
SH001611,S05,S05-E02,2025-04-18,8.4,manager
SH000230,S01,S01-E06,2025-05-14,6.5,stock
SH001463,S04,S04-E08,2025-04-20,7.3,stock
SH000943,S03,S03-E04,2025-04-26,7.9,manager
SH000639,S02,S02-E07,2025-04-12,6.5,cashier
SH001269,S04,S04-E02,2025-05-03,6.3,manager
SH000923,S03,S03-E03,2025-05-29,6.6,stock
SH000749,S02,S02-E09,2025-05-19,6.3,cashier
SH000154,S01,S01-E04,2025-05-24,6.7,stock
SH001781,S05,S05-E06,2025-05-08,6.6,manager
SH000867,S03,S03-E02,2025-05-19,7.4,stock
SH000743,S02,S02-E09,2025-05-09,8.1,cashier
SH001553,S04,S04-E10,2025-05-22,5.2,stock
SH000075,S01,S01-E02,2025-05-23,7.8,cashier
SH000177,S01,S01-E05,2025-04-27,6.6,cashier
SH000339,S01,S01-E09,2025-05-02,8.6,manager
